id,package_name,NBI,NOC,NOM,IPM,CC,WMC,NOCH,DIT,LCOM,CBO,PPIV,APD,BSMC,WKL,LOCL,GPS,XML,NTO,NET,I/O,SQL,BMAP
2, com.f2prateek.dfg,77941,731,5065,15.388154,4150,28754.78796,1,2,39.03735888,0.46374829,10.09125067,0.502051984,13,0,0,0,0,0,0,32,0,16
4, com.midisheetmusic,20975,68,565,37.12389381,1171,9729.632353,0,1,54.74561102,0.073529412,19.09090909,4.308823529,21,0,0,0,0,0,0,7,0,16
5, info.guardianproject.checkey,106915,1105,9182,11.64397735,6944,57701.18371,0,1,53.20860787,0.47239819,6.354947042,0.355656109,66,1,0,0,1,0,0,26,0,3
10, ohi.andre.consolelauncher,175180,1740,14398,12.16696763,11007,91079.76207,4,2,51.00216118,0.448275862,8.85665529,0.513218391,78,1,0,0,1,0,0,96,0,3
11, ohi.andre.consolelauncher,175152,1740,14398,12.16502292,11008,91088.03678,4,2,51.00216118,0.448275862,8.85665529,0.513218391,78,1,0,0,1,0,0,96,0,3
12, biz.codefuture.svgviewer,29184,317,2490,11.72048193,1890,14845.74132,0,1,84.44444444,0.403785489,6.546854942,0.315457413,10,0,0,0,0,0,0,4,0,0
14, org.connectbot,121988,719,4338,28.12079299,5617,33889.49374,2,4,25.93165416,0.372739917,11.94748359,1.21418637,54,0,0,0,0,0,0,9,73,0
15, org.connectbot,121990,719,4338,28.12125403,5617,33889.49374,2,4,25.93165416,0.372739917,11.94748359,1.21418637,54,0,0,0,0,0,0,9,73,0
30, com.github.grimpy.botifier,47960,539,4072,11.77799607,3038,22951.27273,4,2,36.79379196,0.391465677,7.390983001,0.346938776,12,1,0,0,0,0,0,11,0,1
32, com.twofours.surespot,699347,5310,35813,19.52774132,32168,216955.2889,1,2,39.62538305,0.430508475,18.37820305,1.757438795,78,2,0,0,1,2,0,123,0,10
37, org.nick.wwwjdic,133554,1080,9019,14.80807185,7648,63867.88148,3,3,53.01792815,0.383333333,8.625803262,0.594444444,118,1,1,0,2,6,3,62,52,2
38, org.nick.wwwjdic,133288,1075,8972,14.85599643,7662,63947.40837,3,3,53.01792815,0.381395349,8.55721393,0.581395349,117,1,0,0,2,6,3,62,52,2
42, net.pierrox.mcompass,2210,6,31,71.29032258,38,196.3333333,0,1,72.36909915,0.0,4.761904762,0.0,1,0,0,0,0,0,0,0,0,0
46, de.msal.muzei.nationalgeographic,112079,954,8943,12.53259533,6183,57960.76415,0,1,40.0462963,0.597484277,12.01372998,0.86163522,4,1,0,0,0,2,0,20,0,1
49, org.geometerplus.fbreader.plugin.local,18417,129,938,19.63432836,963,7002.27907,2,2,18.11469963,0.821705426,38.60589812,3.03875969,2,0,0,0,0,0,1,0,0,0
51, org.mysociety.FixMyStreet,46410,257,1914,24.2476489,2491,18551.64981,0,1,0.0,0.80155642,11.27012522,1.848249027,30,0,1,0,0,0,1,72,5,4
64, mohammad.adib.roundr,4222,39,205,20.59512195,197,1035.512821,0,1,31.04395604,0.461538462,41.13475177,2.717948718,3,0,0,0,0,0,0,0,0,0
72, com.foxykeep.lifecounter,1705,18,96,17.76041667,47,250.6666667,0,1,37.17399366,0.0,10.47619048,0.833333333,6,0,0,0,0,0,0,0,0,0
75, at.bitfire.cadroid,2241,20,133,16.84962406,78,518.7,0,1,76.74225514,0.05,38.57142857,1.1,4,0,0,0,0,0,0,2,0,0
77, mobi.omegacentauri.SendReduced,2884,16,84,34.33333333,158,829.5,0,1,58.18022664,0.0,10.81081081,0.1875,5,0,0,0,0,0,0,19,0,1
86, com.ihunda.android.binauralbeat,9982,97,490,20.37142857,314,1586.185567,0,1,46.72474332,0.12371134,13.94230769,1.06185567,10,2,0,0,0,0,0,0,0,7
88, de.reimardoeffinger.quickdic,135129,1155,7582,17.82234239,10663,69997.28658,0,1,0.0,0.738528139,9.693633317,1.042424242,37,0,0,0,1,0,0,35,0,0
89, de.reimardoeffinger.quickdic,135132,1156,7582,17.82273806,10663,69936.73529,0,1,0.0,0.737889273,9.693633317,1.041522491,37,0,0,0,1,0,0,35,0,0
93, com.ghostsq.commander,137634,1034,7840,17.55535714,8231,62409.12959,2,4,43.72618164,0.329787234,13.25734853,1.65860735,30,4,0,0,0,0,0,161,0,8
95, com.namelessdev.mpdroid,106224,907,6985,15.20744452,6057,46646.24587,4,3,43.33237935,0.364939361,12.54331254,0.815876516,36,1,0,0,0,2,1,24,0,9
96, com.namelessdev.mpdroid,168442,1529,12623,13.3440545,10540,87015.3172,1,3,47.88232774,0.412034009,7.542041787,0.571615435,103,1,0,0,1,2,1,42,0,12
97, org.androidsoft.coloring,3257,52,255,12.77254902,116,568.8461538,2,2,47.82868279,0.153846154,17.24137931,0.461538462,11,0,0,0,0,0,0,2,0,5
100, com.byagowi.persiancalendar,139791,1190,9139,15.29609366,10085,77451.10504,0,1,44.73045868,0.640336134,5.827715356,0.53697479,26,0,0,0,1,0,0,8,0,3
101, com.byagowi.persiancalendar,140989,1205,9195,15.33322458,10130,77299.04564,0,1,42.09009507,0.635684647,5.752608048,0.507053942,24,0,1,0,1,0,0,8,0,3
104, it.greenaddress.cordova,719395,5192,34959,20.57824881,35119,236464.7768,0,1,25.9977552,0.519067797,22.70742358,2.649075501,60,1,0,0,1,0,0,169,16,5
108, com.fsck.k9,445793,2714,21833,20.41831173,24891,200237.7314,1,3,40.77916982,0.418570376,14.50830379,2.172807664,124,14,0,0,6,0,1,377,238,4
109, com.fsck.k9,445793,2714,21833,20.41831173,24891,200237.7314,1,3,40.77916982,0.418570376,14.50830379,2.172807664,124,14,0,0,6,0,1,377,238,4
110, com.fsck.k9,445979,2720,21849,20.4118724,24898,199998.6772,1,3,40.77916982,0.418382353,14.5135715,2.16875,124,14,0,0,6,0,1,384,238,4
112, org.dmfs.tasks,130639,1490,11194,11.67044845,9142,68681.57584,1,4,52.8527718,0.389932886,8.430958325,0.508724832,79,1,0,0,1,0,0,24,163,3
113, org.dmfs.tasks,232032,2431,18638,12.44940444,16612,127360.9445,1,4,51.61492128,0.432743727,10.25612222,0.596462361,101,1,0,0,1,0,0,24,193,3
114, com.simplemobiletools.filemanager,109317,1016,7829,13.96308596,8691,66970.31398,4,2,39.24883067,0.641732283,4.782608696,0.437992126,31,0,0,0,1,0,0,22,0,1
115, com.numix.calculator,157290,976,7509,20.94686376,9047,69604.4293,3,2,52.50438694,0.421106557,22.31629876,2.840163934,20,1,0,0,1,3,0,17,0,5
116, com.maskyn.fileeditorpro,268533,1804,15622,17.18941237,14182,122811.0887,0,1,90.87719298,0.539356984,12.76691729,1.098669623,92,1,0,0,2,0,0,121,0,5
119, net.fred.feedex,121333,1131,7732,15.69231764,8972,61336.43148,1,2,33.4516024,0.572060124,10.13910355,0.625110522,59,0,0,0,1,0,0,33,22,10
121, net.fred.feedex,164689,1625,10686,15.41166012,11530,75821.28,1,2,34.31010857,0.611076923,12.44541485,0.832615385,60,0,0,0,1,0,0,43,22,5
122, org.passwordmaker.android,22951,210,1241,18.49395649,839,4958.090476,3,3,32.63773897,0.3,17.27078891,0.857142857,20,0,0,0,0,0,0,2,0,0
125, jp.forkhub,459912,4147,31157,14.76111307,26131,196325.9144,0,1,0.0,0.604774536,11.17643084,0.860380998,123,1,0,0,1,0,0,76,20,15
129, com.mgaetan89.showsrage,305990,2849,22123,13.83130678,18823,146163.9975,15,2,50.73865506,0.517023517,9.112572681,0.619164619,120,1,0,0,1,2,0,59,0,5
135, com.pindroid,125269,1297,10174,12.31265972,7666,60134.06631,1,2,40.53260177,0.417116423,6.601248885,0.34695451,77,1,0,0,1,2,3,24,31,3
137, marto.rtl,48079,543,4058,11.84795466,2988,22330.20994,0,1,37.18596059,0.38305709,7.556859868,0.320441989,14,2,0,0,0,0,0,12,0,1
138, net.osmand.plus,850919,4515,47957,17.74337427,50393,535259.6016,1,5,48.21615267,0.509191584,14.6157564,2.005758583,292,3,1,1,2,0,0,189,39,22
139, net.osmand.plus,953660,4847,53635,17.78055374,58068,642557.7017,1,5,48.37302585,0.513100887,13.48235501,1.792861564,301,3,1,1,2,0,0,199,39,23
140, net.osmand.plus,953643,4845,53631,17.7815629,58072,642819.2842,1,5,48.45670609,0.513312693,13.48354163,1.793601651,301,3,1,1,2,0,0,199,39,23
152, org.openintents.safe,51801,488,3427,15.11555296,2847,19993.17418,2,2,33.36268959,0.284836066,10.57951482,0.538934426,100,0,0,0,1,0,0,25,50,0
155, com.nolanlawson.keepscore,72726,651,4853,14.98578199,4941,36833.59908,1,2,32.55460356,0.479262673,8.744769874,0.732718894,81,1,0,0,1,0,0,16,36,0
156, org.thialfihar.android.apg,194464,1342,6942,28.01267646,7212,37306.7839,1,3,24.95705656,0.402384501,21.11880934,1.579731744,66,0,0,0,0,0,0,20,51,0
157, org.thialfihar.android.apg,380384,3533,16849,22.57605793,17400,82981.20577,3,2,30.04062925,0.490801019,21.50132861,1.765638268,73,0,0,0,1,0,1,34,45,2
163, org.iilab.pb,62307,619,4259,14.62949049,3408,23448.58158,1,2,46.81834279,0.344103393,12.17587373,0.772213247,33,0,1,0,0,0,0,4,50,1
166, de.j4velin.systemappmover,8908,66,346,25.74566474,339,1777.181818,0,1,38.41714286,0.439393939,19.7740113,0.787878788,16,0,0,0,0,0,0,14,0,0
168, com.amabyte.vtucslabmanual,31645,213,1416,22.34816384,2508,16672.90141,0,1,32.43588321,0.61971831,26.86567164,3.230046948,8,0,0,0,0,0,0,0,0,0
169, jwtc.android.chess,79077,740,5052,15.65261283,4204,28700.82162,5,2,25.55361003,0.297297297,10.41275797,1.875675676,84,5,0,0,0,0,0,21,16,17
171, com.drodin.tuxrider,4243,62,336,12.62797619,256,1387.354839,1,3,56.39814732,0.096774194,23.40425532,1.032258065,2,0,0,0,0,0,0,8,0,0
179, com.juet.attendance,102975,1067,8869,11.61066637,6544,54394.31678,0,1,48.3201732,0.444236176,7.090536185,0.373945642,35,1,0,0,1,0,0,24,0,3
184, com.moez.QKSMS,284577,2387,15731,18.09020406,16758,110439.9238,3,4,45.13545424,0.404692082,15.62898699,1.073732719,121,4,0,0,1,3,1,48,0,20
185, com.moez.QKSMS,284632,2387,15732,18.09255022,16767,110506.2606,3,4,45.14105467,0.404692082,15.63974997,1.074151655,122,4,0,0,1,3,1,48,0,20
186, com.moez.QKSMS,284640,2388,15737,18.08731016,16765,110481.9116,3,4,45.15415482,0.404522613,15.63576074,1.073701843,122,4,0,0,1,3,1,48,0,21
190, com.manuelmaly.hn,132550,1550,10930,12.12717292,7851,55362.2129,1,3,42.00368919,0.365806452,10.14814815,0.487741935,85,1,0,0,2,2,1,28,0,4
197, org.michaelevans.nightmodeenabler,155738,1625,13201,11.79743959,9998,81220.67569,0,1,47.02048417,0.462769231,7.302158273,0.436923077,81,1,0,0,1,0,0,24,0,3
199, org.linphone,137991,1430,11959,11.5386738,7414,62002.81538,2,2,38.71686192,0.265034965,11.43994031,0.934965035,54,2,0,0,0,0,0,28,24,25
200, org.linphone,156576,1697,13787,11.35678538,8296,67399.50029,1,2,38.41314147,0.27695934,11.2033195,0.883912787,88,3,0,0,0,0,0,30,19,21
202, ru.gelin.android.sendtosd,5492,88,388,14.15463918,209,921.5,2,4,50.54217869,0.022727273,20.46783626,0.545454545,12,0,0,0,0,0,0,24,0,0
203, ru.gelin.android.sendtosd,5483,88,387,14.16795866,209,919.125,2,4,50.05606758,0.022727273,20.46783626,0.545454545,12,0,0,0,0,0,0,24,0,0
209, org.servalproject,94240,526,6398,14.729603,4320,52546.31179,1,4,47.32682662,0.325095057,17.97454931,2.224334601,47,3,0,0,0,0,0,92,8,1
216, de.eidottermihi.raspicheck,637803,4897,31291,20.38295356,28004,178940.8136,0,1,0.0,0.532570962,19.20926787,1.772105371,109,0,0,0,1,0,0,88,44,0
221, net.bible.android.activity,526612,3585,27146,19.39924851,28590,216486.5105,0,1,85.45454545,0.60390516,13.69829684,1.428172943,123,1,0,0,8,0,0,205,35,1
222, net.bible.android.activity,651130,4731,36729,17.72795339,36823,285874.4382,0,1,89.26940639,0.585288523,11.91459654,1.204819277,148,1,0,0,8,0,0,210,38,3
231, fr.neamar.kiss,10269,114,499,20.57915832,434,1899.701754,1,2,39.17258747,0.0,21.8579235,0.403508772,21,0,0,0,0,0,0,4,24,2
233, fr.neamar.kiss,10645,115,511,20.83170254,461,2048.443478,1,2,39.63792026,0.0,22.34042553,0.443478261,21,0,0,0,0,0,0,4,24,2
234, de.onyxbits.sensorreadout,15300,65,733,20.87312415,647,7296.169231,0,1,70.42207792,0.692307692,13.79310345,3.661538462,10,0,0,0,0,0,0,0,0,3
238, com.nathanosman.chronosnap,114188,1167,9861,11.57975865,7243,61202.41902,0,1,30.0349951,0.46958012,6.510730649,0.36075407,64,1,0,0,1,0,0,27,0,3
258, com.bleyl.recurrence,142186,1332,9882,14.38838292,10667,79137.60811,1,2,43.20308951,0.573573574,7.224334601,0.782282282,47,0,0,0,1,0,0,8,30,0
259, org.wheelmap.android.online,159114,1086,8411,18.91737011,8682,67241.53039,0,1,87.5,0.420810313,35.33969011,5.557090239,33,1,4,0,1,4,2,51,35,3
271, me.guillaumin.android.osmtracker,80276,711,4738,16.94301393,4363,29074.39381,2,3,41.86733356,0.450070323,19.75609756,2.073136428,52,0,5,4,0,2,1,37,36,8
273, de.yazo,150136,1285,11665,12.87063866,10625,96451.84825,0,1,42.91449641,0.493385214,10.52865393,0.842801556,69,1,0,0,1,0,0,28,0,3
274, com.frozendevs.cache.cleaner,97205,775,6290,15.45389507,7530,61114.45161,0,1,42.76785714,0.494193548,7.650485437,0.482580645,61,0,0,0,1,0,0,8,0,0
275, com.frozendevs.cache.cleaner,97466,778,6319,15.42427599,7567,61459.991,0,1,42.92301587,0.498714653,7.471931862,0.470437018,60,0,0,0,1,0,0,8,0,0
276, com.frozendevs.cache.cleaner,84285,749,5901,14.28317234,6504,51241.79439,0,1,46.7558977,0.503337784,7.14893617,0.420560748,63,0,0,0,1,0,0,10,0,0
277, com.palliser.nztides,910,1,8,113.75,24,192.0,0,1,83.33333333,0.0,16.66666667,0.0,2,0,0,0,0,0,0,0,0,0
278, com.roguetemple.hyperroid,3136,23,130,24.12307692,128,723.4782609,0,1,45.68360523,0.130434783,11.26760563,2.217391304,9,0,0,0,0,0,0,4,0,0
279, org.dsandler.apps.markers,8044,38,350,22.98285714,361,3325.0,0,1,62.5,0.657894737,12.59259259,2.947368421,15,0,0,0,0,0,0,8,0,6
282, org.scid.android,60326,517,3777,15.9719354,3706,27074.58801,1,3,37.39488404,0.272727273,10.34031414,0.49516441,110,0,0,0,1,0,0,52,0,3
283, com.dozingcatsoftware.bouncy,215172,1050,11640,18.48556701,10619,117719.2,8,2,62.36723769,0.586666667,28.18640236,10.00095238,5,0,0,0,0,0,0,29,0,0
284, de.repat.mosf,64766,811,6102,10.6138970829,3817,28719.2774353,0,1,0.0,0.398273736128,6.27490039841,0.252774352651,9,1,0,0,0,0,0,0,16,3
288, net.sourceforge.opencamera,123726,1281,9913,12.48118632,7092,54881.33958,3,2,29.37090716,0.335675254,7.253582919,0.334894614,30,1,1,0,0,0,0,32,0,10
289, net.sourceforge.opencamera,124306,1281,9925,12.52453401,7120,55164.71507,3,2,29.415638,0.335675254,7.267950963,0.335675254,30,1,1,0,0,0,0,33,0,11
290, net.sourceforge.opencamera,127260,1293,10023,12.69679737,7278,56417.16473,4,2,30.63170418,0.332559938,7.385229541,0.351121423,30,1,1,0,0,0,0,32,0,11
292, org.sickstache,94645,948,7004,13.51299258,5646,41713.6962,3,4,45.13665075,0.448312236,17.49363868,1.024261603,58,0,0,0,1,0,0,25,0,4
295, net.bytten.xkcdviewer,3610,54,292,12.3630137,134,724.5925926,0,1,87.77777778,0.592592593,30.6122449,1.87037037,13,0,0,0,0,0,0,1,5,0
299, com.watabou.pixeldungeon,92141,929,4832,19.06891556,4324,22490.38536,3,6,61.06848256,0.052744887,30.45571245,4.301399354,7,0,0,0,0,0,0,0,0,4
300, com.watabou.pixeldungeon,94756,960,4994,18.97396876,4423,23008.81458,2,6,60.90257913,0.055208333,30.61991234,4.244791667,7,0,0,0,0,0,0,0,0,4
302, com.concentricsky.android.khan,284459,2091,17454,16.29763951,16650,138980.9182,0,1,66.66666667,0.43663319,31.4356876,4.821616451,45,0,0,0,0,5,0,82,123,3
307, com.alfray.timeriffic,18049,129,831,21.71961492,788,5076.186047,2,3,46.3473941,0.015503876,14.68926554,1.713178295,13,2,0,0,0,0,0,6,26,0
315, name.boyle.chris.sgtpuzzles,90650,802,5880,15.41666667,6495,47619.202,1,3,24.46211853,0.42394015,8.770555991,0.664588529,90,0,0,0,1,0,0,31,0,0
316, name.boyle.chris.sgtpuzzles,79870,739,5352,14.92339312,5714,41382.0406,1,3,23.61918781,0.433017591,8.449514153,0.663058187,94,0,0,0,1,0,0,31,0,0
318, github.daneren2005.dsub,164899,1336,10486,15.72563418,9955,78134.82784,8,4,40.13202737,0.357035928,7.263871241,0.821856287,91,2,0,0,2,13,1,81,0,5
319, github.daneren2005.dsub,399764,3075,20656,19.35340821,23710,159269.5154,6,4,35.27479737,0.437723577,24.48889866,2.303414634,131,1,0,0,3,15,2,109,0,8
325, cx.ring,253435,1982,13290,19.0696012,16182,108505.9435,1,2,39.34548615,0.760343088,11.24009582,1.943995964,73,2,0,0,1,0,0,31,48,3
327, me.writeily,190921,1694,14492,13.17423406,12287,105114.0519,0,1,42.20599667,0.483471074,9.066397034,0.496458087,101,1,0,0,1,0,0,102,0,3
350, de.srlabs.snoopsnitch,118968,1154,8728,13.63061412,5712,43201.33102,4,3,38.00660439,0.318024263,7.992507025,0.416811092,52,7,2,0,0,0,0,28,104,6
351, de.srlabs.snoopsnitch,128314,1326,9802,13.09059376,6138,45373.05882,4,3,38.26534779,0.325037707,8.285385501,0.407993967,43,7,2,0,0,0,0,29,104,6
354, ro.mihai.tpt,11458,115,708,16.18361582,531,3269.113043,3,3,53.3246572,0.139130435,23.35329341,1.6,9,0,0,0,0,0,0,4,0,0
360, com.nextcloud.client,354991,2835,23633,15.0209876,21942,182911.9175,0,1,0.0,0.57707231,10.72585588,1.027865961,214,1,0,0,3,0,0,148,113,12
362, com.gimranov.zandy.app,59858,530,3910,15.30895141,3475,25636.32075,0,1,39.02291926,0.326415094,9.504412763,0.956603774,83,0,0,0,0,0,0,17,32,0
364, com.colinmcdonough.android.torch,450,9,43,10.46511628,30,143.3333333,0,1,38.19875776,0.0,0.0,0.0,3,1,0,0,0,0,0,0,0,0
368, app.easytoken,16134,142,799,20.19274093,778,4377.619718,0,1,51.24240031,0.338028169,19.55719557,1.246478873,18,0,0,0,0,3,0,13,0,0
373, vu.de.urpool.quickdroid,8433,70,362,23.29558011,345,1784.142857,8,2,56.21497768,0.0,7.738095238,0.057142857,13,0,0,0,0,0,0,1,28,1
374, com.kaneoriley.cyanogenport.launcher3,476381,3998,32463,14.67458337,24620,199909.7199,0,1,0.0,0.634317159,9.46383338,0.71935968,114,1,0,0,1,0,0,68,137,23
376, fr.herverenault.selfhostedgpstracker,1158,12,50,23.16,39,162.5,0,1,43.00661212,0.0,17.64705882,0.5,6,0,2,8,0,0,0,0,0,0
378, de.szalkowski.activitylauncher,67102,841,6237,10.75869809,3855,28589.34007,3,2,35.19285714,0.384066587,7.681088965,0.413793103,30,1,0,0,0,0,0,16,0,3
382, org.brandroid.openmanager,280949,1639,14054,19.99067881,16357,140257.0336,6,3,38.94309331,0.439292251,11.17639705,1.55033557,127,0,0,0,1,0,0,100,48,22
400, info.papdt.blackblub,98936,1130,8660,11.42448037,5344,40954.90265,0,1,42.37637363,0.397345133,9.015639374,0.453982301,17,1,0,0,0,0,0,16,0,5
409, com.nauj27.android.colorpicker,31724,333,2578,12.3056633,1963,15197.03904,0,1,27.29864785,0.405405405,6.934306569,0.318318318,10,0,0,0,0,0,0,7,0,3
413, acr.browser.lightning,526244,3892,29106,18.08025837,25602,191462.4388,8,3,34.17803242,0.494090442,18.2576793,2.076824255,134,1,0,0,1,0,0,86,14,9
414, acr.browser.lightning,160141,1428,9395,17.04534327,11771,77442.95868,1,3,31.04932328,0.662464986,11.17673785,0.56232493,32,0,0,0,1,0,0,49,12,5
415, acr.browser.lightning,185715,1702,11018,16.85559993,13716,88791.35605,1,3,33.74123217,0.672737955,10.98099443,0.541715629,33,0,0,0,1,0,0,55,12,5
420, com.github.andlyticsproject,110474,841,6369,17.34558015,6464,48952.69441,13,4,46.03241961,0.378121284,11.3753878,0.90725327,69,0,0,0,1,7,3,30,102,8
422, com.github.andlyticsproject,110477,841,6369,17.34605119,6461,48929.97503,13,4,46.05749353,0.378121284,11.37931034,0.912009512,69,0,0,0,1,7,3,30,102,8
428, org.numixproject.iconsubmit,47521,522,3999,11.88322081,2979,22821.87931,0,1,44.21825397,0.404214559,6.802721088,0.260536398,12,1,0,0,0,0,0,21,0,1
431, de.ub0r.android.callmeter,109363,749,6035,18.12145816,6814,54903.19092,1,2,42.54839953,0.427236315,8.789954338,0.795727637,104,1,0,0,3,0,0,29,111,0
432, de.qspool.clementineremote,204998,1335,16882,12.14299254,11036,139557.8667,6,2,51.6787514,0.464419476,11.6952381,1.36928839,103,2,0,0,1,0,0,31,17,3
433, de.qspool.clementineremote,234379,1782,19837,11.81524424,12523,139404.4618,8,2,51.35233215,0.455106622,10.55836056,1.101571268,131,2,0,0,1,0,0,39,17,5
434,de.qspool.clementineremote,363779,2758,28845,12.61150979,20617,215626.3107,3,2,51.34827081,0.452501813,11.55020501,1.039883974,120,2,0,0,1,0,0,41,22,6
440, com.shahul3d.indiasatelliteweather,164517,1597,12593,13.06416263,9868,77813.2273,1,2,42.69726632,0.479649343,9.701625871,0.671884784,72,1,0,0,2,0,0,38,0,9
441, com.dozingcatsoftware.cameratimer,24199,243,2033,11.90309887,1531,12808.73663,0,1,40.4407026,0.427983539,6.725146199,0.390946502,13,0,0,0,0,0,0,10,0,2
448, org.yuttadhammo.BodhiTimer,29638,257,1368,21.66520468,2117,11268.70039,0,1,30.91290762,0.420233463,3.790087464,0.284046693,32,0,0,0,0,0,0,4,0,18
454, com.ghstudios.android.mhgendatabase,270665,2440,19524,13.86319402,15695,125585.7295,0,1,89.21933086,0.532786885,8.088527193,0.555327869,124,1,0,0,1,0,0,28,50,26
455, goo.TeaTimer,2585,27,127,20.35433071,73,343.3703704,0,1,34.47264508,0.0,4.310344828,0.037037037,3,0,0,0,0,0,0,0,0,4
461, net.pmarks.chromadoze,79180,713,5151,15.37177247,5583,40333.84712,0,1,52.26745806,0.476858345,7.291273139,0.502103787,48,1,0,0,1,0,0,10,0,2
465, org.ligi.vaporizercontrol,348482,2414,24008,14.51524492,14817,147359.7912,0,1,56.61354061,0.45940348,15.13015184,0.590306545,90,1,0,0,1,0,0,58,17,3
469, net.kervala.comicsreader,14064,66,612,22.98039216,996,9235.636364,2,2,60.21899522,0.0,18.51851852,6.121212121,18,0,0,0,0,0,0,46,15,7
471, net.kervala.comicsreader,14478,66,620,23.3516129,1037,9741.515152,2,2,60.40738082,0.0,18.9119171,6.560606061,18,0,0,0,0,0,0,46,17,7
476, org.yaxim.androidclient,169600,858,6118,27.72147761,7397,52744.57576,1,2,28.48063733,0.552447552,13.40533672,1.251748252,54,1,0,0,1,0,1,27,20,0
479, com.gelakinetic.mtgfam,466655,3893,29821,15.64853627,28862,221087.5166,1,2,35.43583694,0.466221423,13.08647027,1.598253275,129,1,0,0,1,0,0,142,74,16
480, com.gelakinetic.mtgfam,466655,3893,29821,15.64853627,28862,221087.5166,1,2,35.43583694,0.466221423,13.08647027,1.598253275,129,1,0,0,1,0,0,142,74,16
481, com.gelakinetic.mtgfam,467962,3842,29447,15.89166978,29065,222768.6244,1,2,30.32794869,0.473191046,13.16287879,1.628578865,128,1,0,0,1,0,0,142,74,16
484, nitezh.ministock,10470,104,605,17.30578512,419,2437.451923,2,3,31.39792529,0.0,14.88372093,0.663461538,20,0,0,0,0,0,0,1,0,0
485, nitezh.ministock,10745,106,621,17.30273752,427,2501.575472,2,3,31.47112664,0.0,14.67889908,0.650943396,20,0,0,0,0,0,0,1,0,0
489, com.app.missednotificationsreminder,310023,3454,23356,13.27380545,17315,117084.2907,6,3,52.51416183,0.547770701,7.511524903,0.444701795,78,2,0,0,1,0,0,31,0,9
490, us.bravender.android.dongsa,548,9,27,20.2962963,9,27.0,0,1,15.43209877,0.0,0.0,0.0,2,0,0,0,0,0,0,0,0,0
496, org.qii.weiciyuan,96580,1000,6786,14.23224285,4591,31154.526,3,4,44.73983152,0.212,8.542538354,0.497,155,0,1,0,0,0,0,45,73,13
498, com.termux.api,5507,76,205,26.86341463,215,579.9342105,4,3,25.52287582,0.0,8.256880734,0.092105263,7,0,2,0,0,0,0,5,0,0
501, eu.faircode.netguard,140550,1055,8275,16.98489426,10462,82059.76303,0,1,25.94479732,0.630331754,9.401475813,0.655924171,115,2,0,0,2,0,0,28,137,6
507, jackpal.androidterm,21597,168,1031,20.94762367,1269,7787.732143,1,3,47.32883831,0.005952381,5.422993492,0.273809524,15,1,0,0,0,0,0,18,0,1
514, com.knirirr.beecount,131170,1040,9598,13.66638883,9368,86455.83077,0,1,58.41785241,0.468269231,12.0,0.905769231,97,1,0,0,1,0,0,30,67,4
515, com.knirirr.beecount,185359,1650,14485,12.79661719,12495,109690.9545,0,1,58.22633391,0.467878788,10.39915966,0.770909091,118,1,0,0,1,0,0,35,67,6
516,com.knirirr.beecount,196602,1721,15114,13.00793966,13198,115906.201,0,1,58.29668275,0.475886113,10.75268817,0.81231842,119,1,0,0,1,0,0,35,67,6
520, com.farmerbb.taskbar,80378,822,5671,14.17351437,6292,43408.6764,1,2,21.66783028,0.572992701,5.017921147,0.386861314,30,0,0,0,1,0,0,8,0,1
521, com.farmerbb.taskbar,80378,822,5671,14.17351437,6292,43408.6764,1,2,21.66783028,0.572992701,5.017921147,0.386861314,30,0,0,0,1,0,0,8,0,1
522, org.jessies.dalvikexplorer,6697,54,269,24.89591078,185,921.5740741,8,5,53.70427881,0.018518519,7.272727273,0.074074074,5,0,0,0,0,0,0,8,0,0
526, com.aselalee.trainschedule,5830,58,310,18.80645161,95,507.7586207,0,1,23.71442735,0.034482759,14.22413793,0.155172414,14,0,0,0,0,0,0,0,69,0
527, com.aselalee.trainschedule,6350,61,328,19.3597561,110,591.4754098,0,1,23.78295366,0.032786885,13.6,0.180327869,14,0,0,0,0,0,0,0,69,0
528, com.aselalee.trainschedule,6357,61,328,19.38109756,111,596.852459,0,1,23.78295366,0.032786885,13.6,0.180327869,14,0,0,0,0,0,0,0,69,0
531, com.ds.avare,72446,418,2623,27.61951963,2865,17978.2177,3,2,48.53201207,0.011961722,8.620689655,0.729665072,135,0,1,8,9,0,0,68,36,4
533, giraffine.dimmer,46316,438,3491,13.26725867,2818,22460.36073,0,1,46.53893514,0.349315068,8.996815287,0.593607306,12,0,0,0,0,0,0,7,0,2
534, giraffine.dimmer,46316,438,3491,13.26725867,2818,22460.36073,0,1,46.53893514,0.349315068,8.996815287,0.593607306,12,0,0,0,0,0,0,7,0,2
536, dk.andsen.asqlitemanager,19572,105,571,34.27670753,703,3822.980952,0,1,22.52635435,0.361904762,5.502392345,1.523809524,94,0,0,0,0,0,0,28,75,0
538, in.blogspot.anselmbros.torchie,92740,890,6759,13.72096464,7420,56350.31461,0,1,33.63656663,0.621348315,5.379810598,0.540449438,20,0,0,0,1,0,0,8,0,0
539, in.blogspot.anselmbros.torchie,95923,953,6928,13.84569861,7594,55205.90976,0,1,33.4591021,0.598111228,5.635752422,0.524658972,21,0,0,0,1,0,0,8,0,1
542, org.andglkmod.hunkypunk,11970,108,634,18.88012618,485,2847.12963,0,1,36.39392699,0.574074074,14.58333333,2.268518519,25,0,0,0,1,0,0,35,8,0
545, org.wordpress.android,292055,2432,18149,16.09207119,17717,132214.5695,1,4,39.42746742,0.302631579,12.19453473,0.953536184,212,2,2,0,3,4,4,59,308,22
546, com.pilockerstable,49245,574,4102,12.00511945,3055,21832.07317,0,1,26.1668011,0.386759582,6.638714186,0.263066202,52,1,0,0,0,0,0,13,0,3
548, com.yassirh.digitalocean,255258,2640,19611,13.01606241,14838,110222.7341,9,2,49.75696199,0.447727273,11.57244886,1.126136364,106,1,0,0,2,2,0,45,54,3
555, org.ametro,44199,297,2015,21.93498759,2313,15692.57576,3,3,52.87627281,0.006734007,26.7369727,3.101010101,90,0,1,0,0,2,0,58,0,1
557, de.blinkt.openvpn,162897,1520,11915,13.67159043,9898,77588.59868,2,2,39.5876198,0.378947368,9.440715884,0.584868421,39,1,0,0,0,0,0,50,0,3
558, de.blinkt.openvpn,163349,1520,11924,13.69917813,9929,77890.39211,2,2,39.72128509,0.378947368,9.438604339,0.584868421,39,1,0,0,0,0,0,50,0,3
559, de.blinkt.openvpn,170511,1608,12491,13.65070851,10420,80942.92289,2,2,37.82331862,0.368159204,9.444922547,0.585820896,41,1,0,0,0,0,0,50,0,3
563, it.iiizio.epubator,376645,1891,17078,22.05439747,20924,188968.8377,0,1,36.87864568,0.445267054,30.40118195,6.774193548,20,1,0,0,0,0,0,100,0,6
564, org.openintents.shopping,217308,2010,16361,13.28207322,14052,114380.4836,2,2,45.5322372,0.461691542,8.371979497,0.531343284,113,1,0,0,1,0,0,24,61,3
571, com.jefftharris.passwdsafe,455401,3177,20495,22.22010246,18989,122499.073,2,3,39.88114449,0.440352534,20.25446337,1.742839156,29,1,0,0,0,0,0,35,36,1
572, com.jefftharris.passwdsafe,475307,3485,22714,20.92572863,19911,129772.8706,2,3,39.7303999,0.434433286,19.20844829,1.610043042,29,1,0,0,0,0,0,41,36,3
578, com.ghostsq.commander.samba,50405,262,1775,28.3971831,2604,17641.60305,0,1,46.07457954,0.561068702,20.34918724,4.675572519,0,0,0,0,0,0,0,8,0,0
579, com.nononsenseapps.notepad,171946,1424,12186,14.11012637,9543,81665.02669,1,3,45.16784206,0.403792135,12.752088,1.174157303,61,1,0,0,0,0,7,48,136,2
580, com.nononsenseapps.notepad,172492,1435,12231,14.10285341,9572,81585.45784,1,3,45.16784206,0.407665505,12.82934739,1.173519164,62,1,0,0,0,0,7,48,136,2
581, com.nononsenseapps.notepad,195332,1717,13541,14.42522709,10838,85473.12638,1,3,44.8381359,0.425160163,13.54147758,1.077460687,62,1,0,0,0,2,0,50,136,2
582, com.harleensahni.android.mbr,2137,30,100,21.37,125,416.6666667,1,2,34.13355523,0.0,12.5,0.233333333,5,2,0,0,0,0,0,0,0,0
585, be.ppareit.shutdown,7606,50,318,23.91823899,283,1799.88,0,1,20.64458689,0.58,24.46043165,1.02,4,0,0,0,0,0,0,12,0,0
589, com.morlunk.mumbleclient,897418,6972,54114,16.58384152,38647,299963.247,1,3,34.83702724,0.550344234,16.08664408,1.371485944,104,3,0,0,2,0,0,114,34,3
590, com.morlunk.mumbleclient,784482,5772,45492,17.24439462,36874,290622.316,5,3,33.944263,0.504504505,16.29540875,1.610533611,116,3,0,0,2,0,0,104,34,6
591, com.morlunk.mumbleclient,732663,5257,42143,17.3851648,34102,273380.3664,5,2,33.77261195,0.497622218,16.26556513,1.478219517,125,3,0,0,2,0,0,94,40,6
593, org.transdroid.lite,278951,2445,18860,14.79061506,15026,115906.0777,0,1,0.0,0.532515337,13.29737336,1.301022495,101,1,0,0,3,6,38,98,24,5
594, org.transdroid.lite,307448,2777,20950,14.6753222,16715,126099.838,0,1,0.0,0.520705798,13.24196312,1.211019085,100,1,0,0,3,6,38,99,24,5
595, org.transdroid.lite,319069,2847,21589,14.77923943,17551,133090.4598,0,1,0.0,0.524060414,13.1833432,1.218826835,101,1,0,0,3,6,38,99,24,5
599, org.montrealtransit.android.schedule.stmbus,1332,4,31,42.96774194,29,224.75,0,1,88.81960191,0.0,2.692307692,10.25,0,0,0,0,0,0,0,0,12,0
603, com.doplgangr.secrecy,82744,918,5936,13.9393531,5707,36902.77996,1,3,29.94912975,0.517429194,7.949231797,0.51416122,42,0,0,0,0,0,0,70,12,5
605, org.quantumbadger.redreader,453373,3336,30559,14.8359894,29098,266548.4958,3,3,36.87997272,0.442745803,16.20697692,2.247002398,186,1,0,0,1,0,0,74,33,9
608, org.totschnig.myexpenses,528745,2919,24517,21.56646409,33251,279278.7828,2,4,44.14057984,0.57348407,22.53800772,5.730729702,138,2,0,0,1,0,0,134,260,6
609, net.nurik.roman.muzei,67029,541,3387,19.79007972,4230,26482.45841,0,1,73.33333333,0.634011091,7.34861846,0.554528651,18,3,0,0,0,0,0,28,20,10
612, com.soyblue.bluesound,105571,1101,9151,11.53655338,6912,57449.3297,0,1,50.08663843,0.473206176,6.335660719,0.354223433,64,1,0,0,1,0,0,24,0,3
625, org.tint,30589,326,1774,17.24295378,1377,7493.245399,1,3,32.49159258,0.0,9.081419624,0.978527607,59,0,0,0,0,0,0,4,15,8
626, com.thibaudperso.sonycamera,69882,897,6501,10.74942317,4034,29236.38127,5,2,37.32582494,0.360089186,6.627326373,0.258639911,16,1,0,0,0,2,1,16,0,5
628, com.thibaudperso.sonycamera,99844,1274,9220,10.82906725,5477,39637.31554,5,2,37.58205265,0.36577708,8.390243902,0.380690738,20,2,0,0,0,2,0,21,0,7
642, org.kde.necessitas.ministro,8394,38,183,45.86885246,357,1719.236842,1,2,44.91861456,0.0,8.058608059,0.894736842,12,1,0,0,0,0,0,24,0,0
643, org.kde.necessitas.ministro,12989,50,266,48.83082707,530,2819.6,2,2,40.82208444,0.0,11.20943953,1.44,10,0,0,0,0,0,0,53,0,0
646, org.odk.collect.android,257092,1548,13750,18.6976,14614,129807.8165,3,3,39.83583287,0.440568475,18.96895988,3.228682171,125,0,2,4,0,0,0,136,48,9
649, org.sagemath.droid,31074,294,2419,12.84580405,1660,13658.29932,3,2,61.01803151,0.482993197,12.6807564,1.255102041,33,0,0,0,0,0,4,9,0,0
650, de.onyxbits.remotekeyboard,60787,544,4525,13.43359116,3545,29487.36213,0,1,67.38645614,0.424632353,8.180778032,0.617647059,28,1,0,0,0,0,0,8,16,0
651, de.onyxbits.remotekeyboard,64995,602,4897,13.27241168,3798,30895.02658,0,1,67.42919118,0.428571429,7.859798194,0.558139535,28,1,0,0,0,0,0,11,16,1
652, de.onyxbits.remotekeyboard,84648,909,7108,11.90883512,4713,36853.68977,0,1,67.42919118,0.410341034,7.264472191,0.446644664,28,1,0,0,0,0,0,17,16,3
653, org.sipdroid.sipua,60109,327,2845,21.12794376,3255,28319.49541,2,2,41.39557397,0.296636086,22.3655914,5.232415902,28,10,0,0,0,0,0,21,0,0
654, org.sipdroid.sipua,60172,329,2850,21.11298246,3262,28257.44681,2,2,41.95427248,0.294832827,22.31759657,5.200607903,28,10,0,0,0,0,0,21,0,0
655, org.sipdroid.sipua,60257,329,2850,21.14280702,3265,28283.43465,2,2,41.95507861,0.294832827,22.30164403,5.209726444,28,10,0,0,0,0,0,21,0,0
657, com.willhauck.linconnectclient,144531,1404,9994,14.46177707,8079,57508.2094,0,1,27.60869565,0.482905983,16.36164982,1.363960114,16,1,0,0,0,2,0,14,0,1
658, com.willhauck.linconnectclient,144616,1404,9994,14.47028217,8082,57529.5641,0,1,27.60869565,0.482905983,16.36164982,1.363960114,15,1,0,0,0,2,0,14,0,1
661, org.yuttadhammo.tipitaka,91504,734,6319,14.48077227,5429,46738.21662,0,1,29.81008844,0.404632153,6.641300588,0.561307902,135,0,0,0,1,0,0,27,83,1
678, de.ub0r.android.smsdroid,72554,567,5175,14.02009662,4714,43024.60317,0,1,53.94132367,0.476190476,8.481421648,0.675485009,69,0,0,0,1,0,0,14,7,3
681, org.traccar.client,2302,40,191,12.05235602,87,415.425,2,2,72.01796258,0.025,11.36363636,0.175,6,3,3,2,0,0,0,0,5,0
682, dev.ukanth.ufirewall,252472,2251,18314,13.78573769,14982,121892.6468,16,2,42.68450032,0.455797423,10.99122599,0.80586406,104,1,0,0,1,0,0,98,35,3
684, dev.ukanth.ufirewall,326803,2798,21927,14.90413645,17939,140582.0061,15,2,43.73965764,0.467476769,10.0806078,0.73659757,135,1,0,0,1,0,0,102,15,3
689, uk.org.ngo.squeezer,63372,645,4434,14.29228687,3082,21186.95814,1,5,37.54686585,0.210852713,10.25029797,0.511627907,48,1,0,0,0,2,2,18,0,8
692, de.jurihock.voicesmith,9438,149,755,12.50066225,428,2168.724832,2,3,39.42358882,0.496644295,13.06240929,1.020134228,6,0,0,0,0,0,0,0,0,1
706, com.axelby.podax,91361,785,5099,17.91743479,5885,38226.26115,2,2,34.78919674,0.434394904,10.67161104,0.746496815,58,0,0,0,1,7,0,44,66,6
708, com.axelby.podax,96201,845,5367,17.92453885,6330,40204.86391,2,2,38.14868736,0.413017751,11.22031122,0.746745562,56,0,0,0,1,7,0,51,67,6
711, net.momodalo.app.vimtouch,45407,423,3448,13.16908353,2832,23084.48227,1,2,45.01184583,0.392434988,5.915670233,0.340425532,24,0,0,0,0,0,0,37,0,1
715, com.gulshansingh.hackerlivewallpaper,58867,523,3964,14.85040363,4782,36244.45124,2,2,53.08472333,0.592734226,5.016477481,0.487571702,19,0,0,0,0,0,0,8,0,0
721, com.jforce.chapelhillnextbus,126672,1455,9838,12.87578776,7019,47459.05292,2,2,24.99731353,0.424742268,14.85564304,0.993127148,23,1,0,0,1,4,0,23,0,7
724, com.googlecode.gtalksms,205946,1721,12825,16.05816764,11626,86637.68158,6,2,48.57804692,0.520627542,14.20866341,1.05171412,55,2,1,0,2,0,0,71,36,1
729, com.duckduckgo.mobile.android,531558,4145,30376,17.49927574,27207,199382.3479,2,3,48.08438532,0.495778046,18.3534592,1.995657419,101,1,0,0,1,3,0,64,83,11
730, com.duckduckgo.mobile.android,537751,4227,30852,17.43002074,27589,201366.4131,2,3,48.08128771,0.498698841,18.14127369,1.960728649,101,1,0,0,1,3,0,64,87,11
731, ru.meefik.busybox,137360,1458,11898,11.54479744,8674,70784.12346,1,2,54.37667112,0.455418381,7.455065359,0.417009602,80,1,0,0,1,0,0,35,0,3
734, com.totsp.crossword.shortyz,22392,159,874,25.6201373,1101,6052.037736,0,1,92.85714286,0.710691824,13.94849785,0.767295597,15,0,0,0,2,0,4,82,0,0
735, com.tmarki.comicmaker,13466,104,598,22.51839465,547,3145.25,1,2,34.70814539,0.086538462,17.55485893,2.394230769,39,0,1,0,0,0,0,11,18,7
739, me.bpear.archonpackager,67029,601,4871,13.7608294,4086,33116.31614,0,1,44.60227273,0.439267887,6.349206349,0.635607321,22,1,0,0,0,0,0,95,0,1
750, com.vuze.android.remote,140273,1144,7771,18.05083001,10158,69001.58916,2,2,27.8928266,0.434440559,9.019392609,1.716783217,85,0,0,0,0,0,3,17,0,1
751, com.vuze.android.remote,226221,1883,13683,16.53299715,17025,123713.7945,1,3,25.99917472,0.473181094,7.504655493,1.311205523,107,0,0,0,1,2,3,19,0,5
752, com.ringdroid,14759,82,451,32.72505543,447,2458.5,4,2,23.09566835,0.0,6.116207951,0.524390244,26,0,0,0,0,2,0,27,0,0
753, com.ringdroid,9910,73,419,23.65155131,349,2003.164384,0,1,21.59927183,0.0,4.016064257,0.465753425,30,0,0,0,0,0,0,8,0,0
754, com.ringdroid,10891,79,442,24.64027149,393,2198.810127,0,1,20.48422154,0.0,3.861003861,0.430379747,31,0,0,0,0,0,0,14,0,0
757, com.mill,74559,907,6701,11.12654828,4367,32263.80044,1,2,64.36596216,0.406835722,7.371928363,0.41014333,25,1,0,0,0,0,0,29,0,16
758, com.code61.deadpixel,107121,1126,9232,11.6032279029,7002,57408.937833,0,1,3.26145552561,0.466252220249,6.23568337999,0.347246891652,64,1,0,0,1,0,0,0,24,3
762, com.hectorone.multismssender,3150,32,126,25.0,72,283.5,0,1,45.30618522,0.0,8.130081301,0.21875,10,0,0,0,0,0,0,0,27,0
771, com.gpl.rpg.AndorsTrail,75641,744,4732,15.98499577,3849,24480.46774,14,3,55.15082885,0.196236559,21.52800259,2.172043011,47,0,0,0,0,0,0,17,0,1
780, com.frostwire.android,771600,5886,44056,17.514073,39363,294627.3068,2,3,44.32278013,0.505946313,18.48894998,1.825518179,49,0,0,0,1,12,1,612,33,10
783, org.tasks,272189,2563,16474,16.52233823,16463,105817.9719,13,4,54.85784283,0.499024581,9.568999605,0.889192353,118,0,0,0,1,0,0,43,14,3
784, org.developfreedom.wordpowermadeeasy,764,8,49,15.59183673,34,208.25,0,1,84.23280423,0.0,8.333333333,0.125,2,0,0,0,0,0,0,0,5,0
789, com.google.android.apps.authenticator2,7077,105,475,14.89894737,246,1112.857143,0,1,81.81818182,0.571428571,17.8030303,0.542857143,19,0,0,0,0,2,0,0,12,0
795, com.vrem.wifianalyzer,106377,856,6302,16.8798794,6355,46786.46028,2,2,54.6080078,0.626168224,8.934923624,1.121495327,24,0,0,0,1,0,0,8,5,0
796, com.vrem.wifianalyzer,106410,856,6303,16.88243693,6371,46911.69743,2,2,54.71962522,0.627336449,8.936793638,1.122663551,24,0,0,0,1,0,0,8,5,0
797, com.vrem.wifianalyzer,106571,857,6314,16.87852392,6384,47034.51109,2,2,54.89774623,0.625437573,8.862876254,1.113185531,24,0,0,0,1,0,0,8,5,0
799, com.shatteredpixel.shatteredpixeldungeon,133594,1207,6071,22.00527096,6267,31521.91964,6,6,54.0192326,0.052195526,37.89826719,4.13918807,8,0,0,0,0,0,0,0,0,4
800, com.shatteredpixel.shatteredpixeldungeon,135262,1213,6136,22.04400261,6374,32243.08656,6,6,53.78882853,0.051112943,37.83259424,4.185490519,8,0,0,0,0,0,0,0,0,4
801, com.shatteredpixel.shatteredpixeldungeon,132360,1219,6195,21.36561743,6541,33241.58737,6,6,54.12711828,0.050861362,37.7851058,4.242821985,8,0,0,0,0,0,0,0,0,4
805, com.darshancomputing.BatteryIndicator,33716,342,2661,12.67042465,2082,16199.42105,0,1,54.38006991,0.374269006,8.892763731,0.666666667,16,0,0,0,0,0,0,6,0,2
807, com.darshancomputing.BatteryIndicator,35264,334,1963,17.9643403,2219,13041.60778,0,1,48.64960368,0.350299401,10.26315789,0.520958084,19,0,0,0,0,0,0,2,0,2
809, com.MarcosDiez.shareviahttp,116350,1172,9957,11.68524656,7338,62341.69454,2,2,43.67939179,0.4778157,6.75547098,0.395904437,65,1,0,0,1,0,0,28,0,3
811, com.MarcosDiez.shareviahttp,141846,1410,11913,11.90682448,9061,76555.81064,2,2,43.70846276,0.484397163,7.292225201,0.462411348,86,1,0,0,1,0,0,28,0,3
815, com.ghostsq.commander.sftp,39844,145,854,46.6557377,1500,8834.482759,4,2,46.74382716,0.696551724,15.19721578,0.931034483,0,0,0,0,0,0,0,12,0,0
832, com.owncloud.android,333984,2699,22410,14.90334672,20584,170910.5002,1,3,45.62897096,0.434605409,11.12964507,1.078177103,202,1,0,0,3,0,0,144,108,9
833, com.owncloud.android,335565,2708,22505,14.91068651,20670,171779.3021,1,3,45.71428505,0.433161004,11.08133087,1.069054653,200,1,0,0,3,0,0,146,108,9
834, com.owncloud.android,336984,2719,22586,14.92003896,20748,172348.0427,1,3,45.8776279,0.431408606,11.0324538,1.066200809,201,1,0,0,3,0,0,149,108,9
841, de.danoeh.antennapod,456096,3992,28849,15.8097681,28032,202578.9499,4,3,34.62981745,0.451903808,23.22576234,2.065380762,182,4,0,0,2,0,0,137,180,8
842, de.danoeh.antennapod,461149,4069,29328,15.72384752,28302,203991.4121,1,4,38.21384429,0.444826739,23.06822716,2.022609978,192,4,0,0,2,0,0,137,203,8
843, de.danoeh.antennapod,461253,4070,29335,15.7236407,28315,204083.6671,1,4,38.20942454,0.444717445,23.06669326,2.022113022,192,4,0,0,2,0,0,137,202,8
845, mazechazer.android.wottankquiz,1916,20,61,31.40983607,54,164.7,0,1,34.91319444,0.0,25.0,1.2,17,0,0,0,0,0,0,0,0,0
846, com.github.wdkapps.fillup,97172,1053,7887,12.32052745,4809,36019.54701,1,2,47.61062687,0.396011396,9.652638611,0.509021842,32,1,0,0,0,0,0,28,17,4
852, damo.three.ie,227015,1832,16094,14.10556729,12145,106693.0295,2,3,40.81729326,0.475436681,10.50376971,0.637554585,70,1,0,0,1,5,1,44,0,4
856, teaonly.droideye,5137,56,289,17.77508651,233,1202.446429,1,2,46.65419122,0.107142857,17.91044776,0.625,2,0,0,0,0,0,0,12,0,0
857, teaonly.droideye,14670,79,631,23.24881141,753,6014.468354,1,2,47.57926333,0.35443038,24.65753425,3.367088608,2,0,0,0,0,0,0,20,0,0
863, com.achep.acdisplay,231716,2217,16793,13.79836837,14902,112877.4407,2,4,42.59363244,0.464140731,11.10725443,0.911592242,98,6,0,0,1,0,0,30,5,5
866, com.eleybourn.bookcatalogue,264367,2246,15193,17.40057921,14872,100601.2004,2,4,36.16439197,0.295636687,13.24912658,1.253784506,222,0,0,0,10,6,0,127,268,10
867, eu.mrogalski.saidit,57763,594,3413,16.92440668,4694,26970.74411,1,3,17.58813527,0.693602694,8.106001559,1.34006734,23,0,0,0,0,0,0,14,0,0
872, com.angrydoughnuts.android.alarmclock,10501,152,689,15.24092888,265,1201.217105,2,2,29.55262443,0.0,13.26259947,0.526315789,17,1,0,0,0,0,0,1,17,0
873, com.angrydoughnuts.android.alarmclock,101491,1297,9281,10.93535179,5476,39184.85428,2,2,29.68696661,0.350809561,7.775653282,0.3384734,26,2,0,0,0,0,0,17,17,3
886, com.xargsgrep.portknocker,57103,479,4567,12.50339391,3951,37670.59916,0,1,62.76275669,0.471816284,7.876890975,0.580375783,47,0,0,0,1,0,0,0,42,0
888, com.nilhcem.hostseditor,142557,1384,11179,12.75221397,8586,69351.80202,2,2,54.1564737,0.466040462,10.02886003,0.486271676,44,1,0,0,1,0,0,106,0,3
890, com.jadn.cc,83266,527,3671,22.68210297,5059,35240.20683,1,3,30.64731769,0.447817837,22.58883249,3.15370019,29,6,0,0,3,0,1,37,0,0
891, com.jadn.cc,84056,507,3573,23.52532886,5086,35842.7574,11,2,32.61983504,0.453648915,21.97452229,3.25443787,33,6,0,0,3,0,1,39,0,1
900, org.jsl.wfwt,20342,150,816,24.92892157,1128,6136.32,7,3,43.74373715,0.473333333,15.44991511,0.9,5,0,0,0,0,0,0,2,0,1
901, org.npr.android.news,135295,826,7539,17.94601406,7657,69886.34746,6,4,30.17466624,0.273607748,46.34146341,8.940677966,31,0,1,0,1,0,1,23,17,2
907, com.brapeba.roaminginfo,30036,327,2582,11.63284276,1886,14891.90214,0,1,35.61813187,0.400611621,6.012269939,0.305810398,10,0,0,0,0,0,0,4,0,0
912, com.gmail.jerickson314.sdscanner,1203,14,90,13.36666667,47,302.1428571,0,1,30.50619855,0.0,9.090909091,0.428571429,1,0,0,0,0,0,0,3,0,0
916, com.olam,47786,511,3932,12.15310275,3020,23238.04305,0,1,35.22058824,0.40704501,6.509803922,0.266144814,15,1,0,0,0,0,0,11,6,1
919, de.ub0r.android.smsdroid,72554,567,5175,14.02009662,4714,43024.60317,0,1,53.94132367,0.476190476,8.481421648,0.675485009,69,0,0,0,1,0,0,14,7,3
922, org.ppsspp.ppsspp,5215,53,308,16.93181818,271,1574.867925,1,2,56.11825921,0.264150943,12.12121212,0.339622642,11,0,0,0,0,0,0,3,0,0
924, com.catchingnow.tinyclipboardmanager,136044,1287,10934,12.4422901,9086,77192.17094,1,2,39.54863928,0.470862471,6.887645286,0.387723388,81,1,0,0,1,0,0,27,10,4
925, com.catchingnow.tinyclipboardmanager,144909,1342,11648,12.44067651,9420,81761.66915,1,2,35.64915341,0.471684054,6.856561546,0.39195231,82,1,0,0,1,0,0,27,10,4
926, com.catchingnow.tinyclipboardmanager,145233,1336,11583,12.53846154,9417,81644.54416,1,3,30.98045,0.461077844,6.89233279,0.420658683,86,1,0,0,1,0,0,27,10,4
929, com.zaren,35775,404,2974,12.02925353,2109,15525.16337,3,2,48.18376774,0.297029703,12.28239845,1.059405941,12,0,0,0,1,0,0,5,0,0
931, ru.gelin.android.weather.notification,77559,956,6782,11.43600708,4108,29142.7364,1,3,42.20412223,0.380753138,11.82707993,0.611924686,11,1,0,0,1,0,0,22,0,3
933, ru.gelin.android.weather.notification,77541,956,6782,11.43335299,4111,29164.01883,1,3,42.30938538,0.380753138,11.82707993,0.611924686,11,1,0,0,1,0,0,22,0,3
939, org.kost.nmap.android.networkmapper,108225,1118,9231,11.7240819,6964,57499.71735,2,2,48.51566908,0.466010733,6.291560102,0.348837209,82,4,0,0,1,0,0,32,0,3
945, org.wikipedia,464694,4331,30236,15.368898,27345,190903.5835,1,5,43.68712637,0.424844147,12.24462722,0.781574694,194,0,1,2,1,0,0,105,23,17
946, org.wikipedia,427104,4205,28116,15.19078105,23898,159789.814,1,5,44.67268336,0.408085612,11.93621244,0.711058264,192,0,1,2,1,0,0,100,23,17
947, org.wikipedia,464694,4331,30236,15.368898,27345,190903.5835,1,5,43.68712637,0.424844147,12.24462722,0.781574694,194,0,1,2,1,0,0,105,23,17
957, trikita.slide,55502,959,4895,11.33850868,2419,12347.24192,1,2,50.42869008,0.285714286,38.31538949,0.774765381,13,0,0,0,0,0,0,9,0,6
958, fr.simon.marquis.secretcodes,75638,715,6187,12.22531114,5159,44641.58462,0,1,58.95174905,0.471328671,7.780040733,0.397202797,57,1,0,0,1,0,0,23,0,1
962, org.geometerplus.zlibrary.ui.android,180174,1753,10406,17.31443398,9747,57859.25956,2,3,32.91218526,0.579577867,20.66974596,1.376497433,73,1,0,0,0,2,2,54,228,3
963, org.geometerplus.zlibrary.ui.android,180829,1757,10422,17.35070044,9766,57928.99943,2,3,32.91218526,0.579396699,20.71674971,1.384746727,73,1,0,0,0,2,2,54,228,3
974, com.easytarget.micopi,188312,1777,15032,12.5274082,12478,105553.9088,2,2,67.19356415,0.489026449,7.473516181,0.448508723,84,1,0,0,1,0,0,32,0,5
975, com.easytarget.micopi,201198,1858,15804,12.73082764,13422,114166.4629,0,1,0.0,0.505920344,7.375925418,0.454251884,86,1,0,0,1,0,0,27,0,5
976, com.easytarget.micopi,201198,1858,15804,12.73082764,13422,114166.4629,0,1,0.0,0.505920344,7.375925418,0.454251884,86,1,0,0,1,0,0,27,0,5
979, com.googlecode.networklog,92401,689,5627,16.42100586,5648,46126.69956,5,2,39.23286304,0.393323657,12.79761905,1.657474601,81,0,0,0,1,0,0,28,0,0
982, de.measite.contactmerger,642448,3396,23359,27.50323216,31693,217996.6982,1,2,58.57120846,0.636631331,12.87972722,2.101001178,14,1,0,0,1,0,0,93,10,3
985, com.simplemobiletools.calendar,163259,1747,11926,13.68933423,11971,81720.74757,6,2,37.20955473,0.586147682,10.163459,0.568402977,34,0,0,0,1,0,0,25,26,1
991, com.simplemobiletools.musicplayer,111714,1097,7920,14.10530303,8798,63518.83318,4,2,49.47730145,0.603463993,5.153281926,0.421148587,29,0,0,0,1,0,0,11,0,3
1002, com.bri1.soundbored,45308,508,3904,11.60553279,2900,22286.61417,0,1,57.33333333,0.409448819,6.687898089,0.265748031,9,1,0,0,0,0,0,10,0,1
1010, com.android.keepass,52798,487,2916,18.10631001,2473,14807.53183,0,1,100.0,0.574948665,31.49606299,2.381930185,50,0,0,0,0,0,0,24,14,1
1011, com.android.keepass,52916,491,2928,18.07240437,2478,14777.15682,0,1,100.0,0.578411405,31.41737427,2.370672098,52,0,0,0,0,0,0,24,14,1
1012, com.android.keepass,53019,491,2936,18.05824251,2484,14853.40937,0,1,100.0,0.578411405,31.37638617,2.401221996,52,0,0,0,0,0,0,24,14,1
1013, com.dougkeen.bart,230422,1681,15556,14.81241965,15666,144973.4063,1,2,44.23297952,0.49256395,13.85455591,1.082688876,66,1,0,0,4,2,0,118,15,0
1014, com.dougkeen.bart,441957,3136,29449,15.00753846,28808,270525.125,1,2,40.227977,0.435905612,24.72931168,4.401466837,83,2,0,0,1,0,0,136,8,3
1022, ru.gelin.android.browser.open,2185,27,126,17.34126984,105,490.0,6,2,58.31024531,0.037037037,16.92307692,0.666666667,7,0,0,0,0,0,0,6,0,0
1034, au.com.wallaceit.reddinator,308019,2447,20716,14.86865225,19285,163264.4299,3,2,31.97003878,0.458929301,15.36283557,1.196975889,239,1,0,0,1,0,0,46,0,10
1042, us.shandian.giga,179105,1620,13676,13.09630009,11727,98999.04444,3,2,44.43827054,0.47962963,8.789954338,0.569753086,90,1,0,0,1,0,0,43,0,3
1043, de.mangelow.network,117,1,2,58.5,1,2.0,0,1,0.0,0.0,0.0,0.0,1,0,0,0,0,0,0,0,0,0
1045, org.scummvm.scummvm,2457,19,110,22.33636364,79,457.3684211,1,2,39.80698707,0.0,18.6440678,1.210526316,4,0,0,0,0,0,0,7,0,0
1046, ch.blinkenlights.battery,1323,15,73,18.12328767,33,160.6,0,1,29.84168609,0.0,3.225806452,0.133333333,7,0,0,0,0,0,0,4,0,0
1051, org.tamanegi.atmosphere,3272,41,189,17.31216931,122,562.3902439,0,1,42.73704497,0.0,13.01369863,0.56097561,3,1,0,0,0,0,0,0,0,0
1054, com.llamacorp.equate,62386,614,4750,13.13389474,3687,28523.20847,2,2,44.95568466,0.395765472,7.776560789,0.412052117,22,1,0,0,1,0,0,11,0,1
1055, org.libreoffice.impressremote,79247,780,6718,11.79621911,5255,45260.37179,0,1,58.81158301,0.435897436,8.077669903,0.376923077,58,1,0,0,1,0,0,19,0,3
1057, org.libreoffice.impressremote,118083,1324,10928,10.80554539,7204,59460.20544,3,2,60.07179344,0.393504532,8.120104439,0.379154079,58,1,0,0,1,0,0,24,0,5
1061, com.mattgmg.miracastwidget,45319,506,3900,11.62025641,2908,22413.43874,0,1,73.80952381,0.411067194,6.693227092,0.266798419,10,1,0,0,0,0,0,10,0,1
1063, com.manor.currentwidget,45773,420,3351,13.65950463,2632,20999.6,1,2,46.72453704,0.442857143,8.489722967,0.714285714,21,0,0,0,0,0,0,43,0,3
1064, com.manor.currentwidget,85613,935,7071,12.10762268,4787,36202.00749,1,2,53.77840909,0.414973262,7.892595606,0.479144385,26,1,0,0,0,0,0,60,0,6
1066, org.helllabs.android.xmp,13254,117,695,19.0705036,525,3118.589744,3,3,35.60856823,0.034188034,9.163346614,0.837606838,23,0,0,0,0,0,0,55,0,0
1067, org.helllabs.android.xmp,58569,528,3854,15.19693825,4285,31277.25379,1,2,28.25295691,0.471590909,8.391284191,0.903409091,34,0,0,0,0,0,0,42,0,1
1073, de.azapps.mirakelandroid,556567,4893,38867,14.31978285,26786,212771.6047,0,1,89.14893617,0.615164521,10.77939616,0.936031065,129,1,0,0,2,3,0,107,249,8
1074, org.kde.kdeconnect,684073,5242,34816,19.64823644,31350,208218.5425,0,1,89.09090909,0.528233499,19.16639531,1.719000382,76,0,0,0,1,0,0,44,8,2
1075, org.kde.kdeconnect,684000,5242,34823,19.64219051,31332,208140.831,0,1,89.09090909,0.528424266,19.16085738,1.718809615,76,0,0,0,1,0,0,44,8,2
1076, org.kde.kdeconnect,684042,5243,34826,19.64170447,31334,208132.3448,0,1,89.09090909,0.528514209,19.15836102,1.718481785,76,0,0,0,1,0,0,44,8,2
1078, com.banasiak.coinflip,3028,25,139,21.78417266,70,389.2,1,2,45.80562678,0.0,6.818181818,0.4,4,0,0,0,0,0,0,0,0,0
1079, com.banasiak.coinflip,3028,25,139,21.78417266,70,389.2,1,2,45.80562678,0.0,6.818181818,0.4,4,0,0,0,0,0,0,0,0,0
1080, org.smssecure.smssecure,793614,6010,44563,17.80881,39296,291372.3208,3,6,46.6953649,0.427454243,18.41210028,2.204658902,193,5,0,0,1,0,0,118,243,7
1082, org.smssecure.smssecure,792165,5971,44374,17.85200793,39207,291370.1923,3,6,46.669602,0.428403952,18.4265661,2.219393736,193,5,0,0,1,0,0,118,243,7
1084, org.smssecure.smssecure,780166,5882,43872,17.78277717,38612,287994.8426,3,6,46.67452391,0.426385583,18.51480445,2.244814689,192,5,0,0,1,0,0,118,246,7
1086, org.smssecure.smssecure,780183,5882,43874,17.78235401,38613,288015.4305,3,6,46.67452528,0.426385583,18.51382732,2.244814689,192,5,0,0,1,0,0,118,246,7
1088, net.androgames.level,3283,18,85,38.62352941,112,528.8888889,0,1,49.49078361,0.0,8.415841584,1.222222222,5,0,0,0,0,0,0,0,0,0
1099, org.scoutant.cc,8822,67,391,22.56265985,348,2030.865672,2,3,47.51624026,0.089552239,34.35897436,3.47761194,10,0,0,0,0,0,0,0,0,5
1100, com.nkanaev.comics,355657,2679,22780,15.61268657,22639,192503.3296,5,2,47.55173689,0.546845838,11.44251627,1.585666293,85,1,0,0,1,0,0,168,9,12
1107, ch.corten.aha.worldclock,84071,632,5544,15.16432179,5893,51694.29114,1,4,43.9068095,0.539556962,8.713002993,0.825949367,30,0,0,0,1,0,0,14,20,0
1108, org.cyanogenmod.great.freedom,45049,502,3887,11.58965783,2899,22447.03785,0,1,0.0,0.414342629,6.586345382,0.268924303,8,1,0,0,0,0,0,10,0,1
1109, com.tobykurien.batteryfu,36248,364,2846,12.73647224,2220,17357.47253,4,2,65.80655146,0.412087912,8.122941822,0.35989011,22,0,0,0,0,0,0,11,0,0
1118, com.frozendevs.periodictable,102238,1031,8069,12.67046722,6527,51082.79631,1,3,61.78445767,0.4471387,8.057018903,0.37342386,57,1,0,0,1,0,0,19,0,1
1125, org.tomdroid,26314,219,1252,21.01757189,1110,6345.753425,1,3,36.83331088,0.123287671,16.9250646,1.319634703,65,0,0,0,6,0,1,25,10,0
1126, com.boardgamegeek,237554,2344,17368,13.6776831,13343,98865.7099,2,5,55.05190747,0.408703072,10.96774194,0.682593857,105,1,0,0,1,4,1,60,31,19
1127, com.boardgamegeek,237559,2344,17368,13.67797098,13343,98865.7099,2,5,55.05190747,0.408703072,10.96774194,0.682593857,105,1,0,0,1,4,1,60,31,19
1128, com.boardgamegeek,237560,2344,17368,13.67802856,13343,98865.7099,2,5,55.05190747,0.408703072,10.96774194,0.682593857,105,1,0,0,1,4,1,60,31,19
1129, org.sufficientlysecure.keychain,995410,7056,48708,20.4362733,45341,312991.699,3,4,41.60191398,0.458475057,26.37964526,2.964852608,181,1,0,0,1,0,0,117,72,6
1131, org.sufficientlysecure.keychain,995670,7057,48719,20.43699583,45367,313197.5164,3,4,41.56891974,0.458551793,26.35750207,2.961881819,181,1,0,0,1,0,0,117,72,6
1134, org.xbmc.kore,305533,2405,16998,17.97464408,18544,131064.8283,4,7,40.19077079,0.375883576,27.68066788,3.252806653,174,0,0,0,1,0,0,35,39,7
1135, org.xbmc.kore,287813,2350,15973,18.01871909,16869,114658.9519,4,7,38.07501025,0.361702128,28.68808568,3.332340426,172,0,0,0,1,0,0,35,39,7
1136, org.xbmc.kore,308488,2560,17428,17.7007115,18202,123915.8031,4,7,37.89277721,0.35859375,27.65717154,3.09296875,186,0,0,0,1,0,0,36,40,7
1140, jp.takke.cpustats,7538,21,103,73.18446602,95,465.952381,1,2,21.13769272,0.238095238,4.87804878,0.333333333,2,0,0,0,0,0,0,3,0,0
1141, jp.takke.cpustats,7809,23,118,66.1779661,108,554.0869565,1,2,23.86715797,0.217391304,4.444444444,0.173913043,3,0,0,0,0,0,0,3,0,0
1144, com.jonglen7.jugglinglab,60742,287,2127,28.55759285,3213,23812.02439,1,4,58.29896419,0.229965157,30.89783282,8.951219512,19,0,0,0,0,0,0,3,18,1
1145, com.dynamicg.homebuttonlauncher,7885,118,536,14.7108209,372,1689.762712,2,2,30.40970145,0.203389831,16.99604743,1.093220339,16,0,0,0,1,0,0,14,0,0
1146, rs.pedjaapps.alogcatroot.app,5323,49,312,17.06089744,214,1362.612245,0,1,46.47714393,0.285714286,13.36206897,1.93877551,7,0,0,0,0,0,0,5,0,0
1150, net.kismetwireless.android.smarterwifimanager,225774,1985,16279,13.86903372,14432,118356.9411,5,2,27.52145662,0.480604534,8.650519031,0.991435768,87,6,0,0,1,0,0,24,75,3
1167, com.pilot51.voicenotify,4080,54,229,17.81659389,183,776.0555556,0,1,33.32243488,0.0,1.398601399,0.0,15,0,0,0,0,0,0,1,13,0
1168, com.pilot51.voicenotify,4116,54,230,17.89565217,188,800.7407407,0,1,33.26773876,0.0,1.398601399,0.0,15,0,0,0,0,0,0,1,13,0
1171, de.kugihan.dictionaryformids.hmi,21232,202,1031,20.59359845,1253,6395.262376,0,1,40.05029885,0.118811881,25.63694268,2.069306931,43,0,0,0,0,0,0,20,7,0
1175, org.petero.droidfish,128963,1011,6885,18.73100944,7856,53500.05935,5,3,35.57388401,0.301681503,10.00935454,0.903066271,86,2,0,0,1,0,0,72,0,1
1176, org.petero.droidfish,82245,526,3019,27.24246439,4916,28215.59696,5,3,35.10245789,0.19391635,15.88198368,1.420152091,76,0,0,0,1,0,0,58,0,0
1177, org.petero.droidfish,82124,526,3019,27.2023849,4916,28215.59696,5,3,35.10245789,0.19391635,15.88198368,1.420152091,76,0,0,0,1,0,0,58,0,0
1180, com.andybotting.tramhunter,73372,569,5339,13.74264844,4870,45695.8348,1,2,42.40666518,0.421792619,10.00844595,0.83655536,63,0,1,0,1,0,3,3,52,0
1181, com.lgallardo.qbittorrentclientpro,99205,1131,8159,12.15896556,5561,40116.88683,0,1,0.0,0.443854996,10.78431373,0.609195402,47,1,0,0,0,10,5,21,0,3
1184, org.mozilla.mozstumbler,317003,2696,23601,13.43176137,18454,161547.7945,1,3,41.91833033,0.480341246,15.6013595,2.454376855,91,1,6,7,1,7,0,109,0,6
1185, org.mozilla.mozstumbler,551116,4844,39922,13.8048194,27749,228694.3803,1,3,44.07088948,0.534682081,13.65605958,1.678364988,123,1,6,7,1,5,0,130,0,6
1187, me.tsukanov.counter,126425,1277,10859,11.64241643,8079,68699.96946,0,1,47.83011712,0.458888019,7.400130976,0.441660141,85,1,0,0,1,0,0,24,0,3
1188, me.tsukanov.counter,76096,738,6207,12.25970678,5184,43600.39024,0,1,50.85783348,0.475609756,7.466880771,0.382113821,65,1,0,0,1,0,0,19,0,1
1198, com.easwareapps.g2l,45708,413,3260,14.0208589,2707,21367.60291,5,2,27.59990347,0.370460048,5.12382579,0.297820823,31,0,0,0,0,0,0,21,35,10
1199, org.fedorahosted.freeotp,100362,552,3347,29.9856588,5448,33033.43478,2,2,38.04383031,0.601449275,15.14124294,0.922101449,10,0,0,0,0,0,0,7,0,12
1200, org.fedorahosted.freeotp,100362,552,3347,29.9856588,5448,33033.43478,2,2,38.04383031,0.601449275,15.14124294,0.922101449,10,0,0,0,0,0,0,7,0,12
1201, org.fedorahosted.freeotp,101247,556,3408,29.70862676,5551,34024.83453,2,2,38.04383031,0.604316547,15.32481954,0.947841727,10,0,0,0,0,0,0,7,0,6
1202, com.artifex.mupdfdemo,13739,180,1020,13.46960784,517,2929.666667,1,3,39.21917732,0.0,22.3880597,1.394444444,32,0,0,0,0,0,0,0,0,0
1203, org.openintents.filemanager,38830,452,3130,12.4057508,2230,15442.25664,1,3,40.12386191,0.261061947,9.906063194,0.435840708,69,0,0,0,0,0,0,44,11,3
1204, net.sf.times,27911,106,1135,24.59118943,1736,18588.30189,2,3,59.87944714,0.160377358,13.25556734,2.462264151,8,2,1,0,1,0,0,0,18,5
1205, net.sf.times,27957,107,1138,24.56678383,1742,18527.06542,2,3,59.8653607,0.158878505,13.25556734,2.439252336,8,2,1,0,1,0,0,0,18,5
1206, net.sf.times,32362,128,1296,24.97067901,1940,19642.5,1,3,58.19244781,0.15625,11.98568873,2.2109375,7,1,1,0,1,0,0,0,18,5
1209, com.dngames.mobilewebcam,30796,212,1238,24.87560582,1400,8175.471698,1,2,34.42435163,0.202830189,29.12844037,2.966981132,40,2,1,1,0,0,1,26,0,5
1218, in.shick.diode,69498,611,3237,21.46987952,4441,23527.85106,1,3,31.06595667,0.337152209,43.77358491,4.880523732,66,0,0,0,0,14,0,0,9,2
1219,in.shick.diode,69499,611,3237,21.47018845,4442,23533.14894,1,3,31.06595667,0.337152209,43.77358491,4.880523732,66,0,0,0,0,14,0,0,9,2
1220, org.openintents.notepad,10380,97,462,22.46753247,464,2209.979381,1,2,50.45001729,0.092783505,14.28571429,1.051546392,29,0,0,0,0,0,0,8,14,0
1224, com.google.android.marvin.talkback,45016,499,3372,13.34994069,2836,19164.31263,3,2,41.97513383,0.306613226,8.063450099,0.436873747,17,0,0,0,0,0,0,5,0,0
1230, com.google.android.gms,152745,1619,12871,11.86737627,9535,75802.95553,0,1,0.0,0.472513897,7.519280206,0.456454602,71,1,1,0,1,0,0,24,0,3
1233, com.eolwral.osmonitor,137853,1348,10853,12.70183359,8057,64868.4132,1,2,47.30131523,0.422848665,7.496283712,0.432492582,100,1,0,0,1,2,0,39,4,6
1234, com.eolwral.osmonitor,166322,1686,13452,12.36410943,9624,76786.50534,1,2,47.30319731,0.420521945,8.260105448,0.476275208,107,1,0,0,1,2,0,39,4,6
1235, com.eolwral.osmonitor,166418,1688,13461,12.36297452,9634,76826.58412,1,2,46.93486862,0.420023697,8.274771609,0.4757109,107,1,0,0,1,2,0,39,4,6
1238, de.saschahlusiak.freebloks,30348,215,1269,23.91489362,1407,8304.572093,4,3,33.32004399,0.158139535,13.10160428,2.641860465,25,0,0,0,0,0,0,6,13,5
1240, net.lardcave.keepassnfc,47980,533,4069,11.79159499,3037,23184.90244,0,1,31.28873772,0.409005629,7.388059701,0.287054409,19,1,0,0,0,0,0,23,0,3
1242, com.commit451.gitlab,326302,3131,21142,15.4338284,18865,127385.4455,1,5,33.15024253,0.459597573,12.91337082,1.207601405,119,0,0,0,1,0,0,34,0,6
1243, com.commit451.gitlab,582507,5447,39725,14.66348647,30783,224500.5829,1,5,38.42365941,0.531118047,11.01485149,1.271892785,145,1,0,0,1,0,0,53,0,9
1255, com.reicast.emulator,27623,298,2346,11.7745098,1745,13737.48322,0,1,34.45015256,0.372483221,7.181571816,0.369127517,23,0,0,0,0,0,0,4,0,0
1258, com.sam.hex,75671,603,5182,14.60266306,4892,42040.37148,2,2,36.63049782,0.417910448,10.73049938,0.887230514,57,0,0,0,14,0,0,22,0,0
1259, org.happysanta.gd,39038,238,1528,25.54842932,1588,10195.22689,1,3,41.86943038,0.168067227,29.43969611,7.43697479,23,1,0,0,0,3,1,15,24,2
1260, com.mridang.wifiinfo,6228,46,240,25.95,346,1805.217391,0,1,0.0,0.760869565,13.24503311,0.47826087,0,0,0,0,0,6,3,22,0,0
1267, org.sufficientlysecure.localcalendar,145754,1461,12080,12.06572848,9236,76366.10541,0,1,38.80417155,0.470910335,8.576186511,0.504449008,87,1,0,0,1,0,0,24,0,3
1268,org.sufficientlysecure.localcalendar,145912,1463,12085,12.07381051,9242,76342.83664,0,1,39.27066441,0.470266576,8.573331114,0.503759398,88,1,0,0,1,0,0,24,0,3
1289, com.mendhak.gpslogger,149783,864,7149,20.95160162,8681,71829.24653,0,1,38.10549336,0.525462963,20.15061023,4.952546296,19,0,1,0,0,9,1,49,0,0
1290, com.oakley.fon,3855,35,177,21.77966102,212,1072.114286,1,3,60.46455939,0.0,50.47619048,2.4,3,0,0,0,0,0,2,0,0,0
1291, com.oakley.fon,3871,35,178,21.74719101,215,1093.428571,1,3,60.48472474,0.0,50.47619048,2.4,3,0,0,0,0,0,2,0,0,0
1292, com.oakley.fon,3855,35,177,21.77966102,212,1072.114286,1,3,60.46455939,0.0,50.47619048,2.4,3,0,0,0,0,0,2,0,0,0
1293, com.javiersantos.mlmanager,418801,3271,28071,14.91934737,23596,202495.6637,0,1,30.76306218,0.553959034,17.7566309,2.315805564,94,1,0,0,1,0,0,135,0,9
1297, app.openconnect,33391,275,1650,20.2369697,1517,9102.0,4,2,45.08962017,0.287272727,22.6762002,1.130909091,34,1,0,0,0,3,0,56,0,0
1298, app.openconnect,33581,276,1661,20.21733895,1521,9153.554348,4,2,45.08850816,0.286231884,23.04568528,1.123188406,34,1,0,0,0,3,0,56,0,0
1300, com.powerpoint45.lucidbrowser,82959,771,6381,13.00094029,5533,45792.57198,2,3,52.29323621,0.4461738,7.771822358,0.503242542,79,1,0,0,1,0,0,38,0,3
1304, com.emmaguy.cleanstatusbar,165430,1701,13633,12.13452652,10323,82735.71958,1,3,48.44708483,0.47148736,8.11116497,0.465608466,77,1,0,0,1,0,0,24,0,3
1305, net.iowaline.dotdash,1236,13,65,19.01538462,58,290.0,0,1,45.3659188,0.0,16.98113208,1.076923077,5,0,0,0,0,0,0,0,0,0
1307, net.wigle.wigleandroid,129121,1077,8840,14.60644796,7121,58449.06221,3,2,46.11200308,0.455896007,12.72246272,1.393686165,73,3,4,4,1,0,0,61,71,6
1308, net.wigle.wigleandroid,158946,1529,12331,12.88995215,9267,74736.02158,4,2,44.80349221,0.416612165,7.684079159,0.455199477,89,3,1,2,1,0,0,60,57,4
1311, biz.gyrus.yaab,29188,306,2276,12.82425308,1705,12681.63399,4,2,25.93434683,0.303921569,6.704545455,0.369281046,12,0,0,0,0,0,0,0,0,0
1314, apps.droidnotify,47600,295,1262,37.71790808,2139,9150.569492,21,2,20.09094107,0.06779661,1.877934272,0.030508475,109,2,0,0,0,0,0,29,11,12
1316, jp.sfjp.webglmol.NDKmol,4625,32,153,30.22875817,109,521.15625,0,1,43.63943624,0.0,30.90909091,9.625,21,0,0,0,0,0,0,10,0,0
1320, com.danvelazco.fbwrapper,74578,907,6693,11.14268639,4370,32247.42007,1,2,64.31007617,0.406835722,7.351712615,0.409040794,24,1,0,0,0,0,0,29,0,16
1321, com.danvelazco.fbwrapper,74578,907,6693,11.14268639,4370,32247.42007,1,2,64.31007617,0.406835722,7.351712615,0.409040794,24,1,0,0,0,0,0,29,0,16
1322, com.danvelazco.fbwrapper,74628,907,6700,11.13850746,4378,32340.24256,1,2,64.38335435,0.406835722,7.368859284,0.409040794,25,1,0,0,0,0,0,29,0,16
1331, net.nurik.roman.dashclock,42228,385,2298,18.37597911,2685,16026.31169,0,1,82.75862069,0.516883117,8.8,0.363636364,16,2,1,0,0,0,0,4,0,4
1333, com.twinone.locker,106256,1176,9683,10.97345864,7356,60568.15306,0,1,0.0,0.50255102,7.088731362,0.462585034,86,1,0,0,1,0,0,24,0,6
1334, org.scoutant.blokish,6715,40,212,31.6745283,347,1839.1,0,1,44.63886068,0.05,38.7283237,8.6,10,0,0,0,0,0,0,0,0,0
1335, org.scoutant.blokish,6863,44,226,30.36725664,355,1823.409091,0,1,40.94422615,0.045454545,36.17021277,7.931818182,11,0,0,0,0,0,0,0,0,0
1336, org.scoutant.blokish,7269,49,240,30.2875,381,1866.122449,0,1,40.93836735,0.06122449,41.12149533,7.87755102,12,0,0,0,0,0,0,0,0,0
1337, org.wahtod.wififixer,81981,773,5917,13.85516309,5879,45001.34929,1,3,40.49730934,0.501940492,9.626955475,1.196636481,44,1,0,0,1,0,0,18,7,2
1338, org.wahtod.wififixer,91353,886,6605,13.83088569,6561,48911.29233,1,3,39.21163441,0.502257336,9.772565743,1.10496614,43,1,0,0,1,0,0,20,6,2
1339, org.wahtod.wififixer,124906,1157,7373,16.94100095,9829,62635.45117,1,3,39.18700191,0.777009507,8.793922127,1.382022472,33,1,0,0,1,0,0,16,6,2
1340, org.androidsoft.app.permission,45084,502,3876,11.63157895,2823,21796.70916,3,2,62.87716128,0.390438247,6.837606838,0.298804781,24,1,0,0,0,0,0,7,0,2
1344, com.ruesga.android.wallpapers.photophase,28331,254,2075,13.65349398,1395,11396.16142,5,4,53.72083338,0.11023622,10.71823204,0.811023622,5,0,0,0,0,0,0,7,0,4
1346, com.ruesga.android.wallpapers.photophase,178380,1518,11229,15.88565322,12902,95439.10277,11,4,46.0755432,0.674571805,5.642361111,0.942687747,33,0,0,0,1,0,0,17,0,7
1351, ro.weednet.contactssync,74138,810,5672,13.07087447,4335,30355.7037,0,1,44.5208608,0.443209877,8.663366337,0.388888889,42,1,0,0,0,0,0,13,0,4
1352, ro.weednet.contactssync,41100,374,2166,18.97506925,2762,15995.96791,0,1,31.28225876,0.614973262,8.379888268,0.467914439,35,0,0,0,0,0,0,6,0,1
1354, me.sheimi.sgit,333292,2652,19603,17.00209152,18392,135949.6139,16,3,40.13540786,0.551282051,17.3782944,0.814856712,34,1,0,0,0,0,0,364,8,5
1355, me.sheimi.sgit,337518,2719,20070,16.81704036,18755,138437.9735,17,3,40.64115427,0.547995587,17.46229731,0.814269952,35,1,0,0,0,0,0,369,8,5
1357, com.asksven.betterbatterystats,129937,991,8048,16.14525348,6853,55653.82846,3,2,61.56795925,0.503531786,11.60079613,0.962663976,94,1,0,0,1,0,1,29,43,3
1358, com.asksven.betterbatterystats,141073,1061,8555,16.49012274,7325,59062.55891,3,2,60.29436172,0.511781338,11.90732759,0.947219604,98,1,0,0,1,0,1,42,28,3
1359, com.asksven.betterbatterystats,141412,1075,8639,16.36902419,7332,58921.99814,3,2,60.29436172,0.510697674,11.81434599,0.942325581,98,1,0,0,1,0,1,42,28,3
1361, net.minetest.minetest,1175,10,41,28.65853659,38,155.8,0,1,36.75170068,0.0,10.0,1.2,5,0,0,0,0,0,0,6,0,0
1362, net.minetest.minetest,1179,10,41,28.75609756,38,155.8,0,1,36.75170068,0.0,10.0,1.2,5,0,0,0,0,0,0,6,0,0
1363, net.minetest.minetest,1050,8,40,26.25,32,160.0,0,1,37.16378859,0.0,10.0,1.5,5,0,0,0,0,0,0,6,0,0
1364, com.seb.SLWP,10138,52,265,38.25660377,400,2038.461538,1,3,62.56442305,0.038461538,22.19251337,3.519230769,5,0,0,0,0,0,0,17,0,8
1365, com.seb.SLWP,10161,53,267,38.05617978,400,2015.09434,1,3,60.72429296,0.037735849,22.13333333,3.452830189,5,0,0,0,0,0,0,17,0,8
1366, org.ligi.fast,4364,64,244,17.8852459,157,598.5625,2,2,31.09592014,0.21875,17.82178218,0.4375,6,0,0,0,0,0,0,10,0,0
1367, naman14.timber,324258,2693,21857,14.8354303,18877,153210.0219,0,1,0.0,0.56925362,19.95657838,1.649461567,97,3,0,0,1,2,0,68,67,7
1369, naman14.timber,278987,2322,16827,16.57972306,16872,122267.5039,0,1,0.0,0.704134367,16.52151136,2.06546081,65,3,0,0,1,2,0,53,63,4
1371, im.vector.alpha,417526,3782,27008,15.45934538,24931,178037.1359,0,1,0.0,0.642517187,10.85512061,0.921205711,276,3,0,0,1,2,0,260,0,18
1372, de.onyxbits.listmyapps,67336,825,6184,10.88874515,3890,29158.49697,0,1,69.01098901,0.391515152,7.272727273,0.260606061,25,1,0,0,0,0,0,16,15,3
1375, douzifly.list,180434,1696,12757,14.14392098,12784,96158.89623,0,1,34.9935892,0.563089623,18.58692466,1.514740566,90,0,0,0,1,0,0,21,35,0
1387, com.color.colornamer,32557,340,2611,12.4691689,1999,15351.14412,4,2,44.6231084,0.376470588,6.758304696,0.426470588,81,0,0,0,1,0,0,7,0,0
1388, uk.ac.ed.inf.mandelbrotmaps,4289,29,207,20.71980676,231,1648.862069,2,2,59.74488866,0.0,25.80645161,7.586206897,13,0,0,0,0,0,0,3,0,0
1393, fr.simon.marquis.preferencesmanager,111079,970,7886,14.08559472,7080,57559.6701,0,1,43.89556595,0.490721649,9.384079024,0.603092784,70,1,0,0,4,0,0,75,0,13
1395,fr.simon.marquis.preferencesmanager,106028,1038,8359,12.68429238,6868,55307.91137,0,1,45.29637036,0.452793834,8.366086468,0.528901734,69,1,0,0,4,0,0,32,0,7
1400, org.mariotaku.twidere.extension.twitlonger,8146,98,373,21.83914209,312,1187.510204,0,1,48.06494431,0.102040816,25.83559169,6.479591837,6,0,0,0,0,0,0,0,0,0
1401, com.innodroid.mongobrowser,224994,2233,17592,12.78956344,12919,101778.3466,15,3,56.14013403,0.49664129,9.490379615,0.721898791,105,1,0,0,1,0,0,28,15,3
1408, org.torproject.android,128400,1239,10079,12.73935906,7871,64028.90153,0,1,28.66204213,0.459241324,7.315451119,0.536723164,83,1,0,0,1,0,0,83,0,3
1417, com.lukekorth.screennotifications,190553,2014,15571,12.23768544,11241,86908.44638,0,1,40.28835728,0.471698113,9.405501331,0.686196624,77,2,0,0,1,0,0,63,15,3
1418, com.lukekorth.screennotifications,190363,2013,15552,12.24041924,11229,86752.81073,0,1,41.77822215,0.470442126,9.375,0.684053651,75,2,0,0,1,0,0,63,15,3
1419, com.lukekorth.screennotifications,226118,2206,17872,12.65208147,12685,102768.0508,1,2,44.18577508,0.488213962,10.16949153,0.914777879,77,2,0,0,1,0,0,69,15,3
1422, com.plusonelabs.calendar,61510,290,4755,12.93585699,3398,55715.48276,2,2,75.40731735,0.655172414,12.7100073,1.286206897,2,0,0,0,0,0,0,13,0,0
1423, com.plusonelabs.calendar,63337,301,4859,13.03498662,3491,56354.71429,2,2,73.60139273,0.631229236,12.82593376,1.289036545,2,0,0,0,0,0,0,13,0,0
1424, com.plusonelabs.calendar,63396,301,4865,13.03103803,3495,56488.95349,2,2,73.18644888,0.631229236,12.85310734,1.289036545,2,0,0,0,0,0,0,13,0,0
1425, org.isoron.uhabits,298180,2420,21335,13.97609562,20061,176860.0971,5,2,51.50446226,0.510330579,9.89020719,0.930991736,98,1,0,0,1,0,0,60,70,4
1426, org.isoron.uhabits,298234,2420,21336,13.9779715,20062,176877.2033,5,2,51.57714695,0.510330579,9.89020719,0.931404959,98,1,0,0,1,0,0,60,70,4
1427, org.isoron.uhabits,298234,2420,21336,13.9779715,20060,176859.5702,5,2,51.57714695,0.510330579,9.89020719,0.931404959,98,1,0,0,1,0,0,60,70,4
1428, com.ichi2.anki,375301,2981,23393,16.04330355,20648,162032.4267,2,4,33.39894712,0.454545455,12.17939831,1.458235491,150,2,0,0,1,6,0,179,193,6
1429, com.ichi2.anki,373628,2876,22721,16.44417059,20923,165296.065,2,4,32.66463036,0.450625869,10.58254897,0.924200278,150,2,0,0,1,6,0,176,203,6
1430, com.ichi2.anki,385469,2989,23547,16.37019578,21840,172053.0211,2,4,32.60396825,0.448310472,10.44449842,0.923385748,160,2,0,0,1,6,0,176,203,6
1435, com.nolanlawson.logcat,10693,123,586,18.24744027,506,2410.699187,2,2,28.83127108,0.081300813,5.438066465,0.292682927,51,0,0,0,0,0,0,18,6,0
1436, com.nolanlawson.logcat,10729,123,587,18.27768313,507,2419.585366,2,2,28.83207539,0.081300813,5.438066465,0.292682927,51,0,0,0,0,0,0,18,6,0
1437, info.guardianproject.pixelknot,72732,553,5078,14.3229618,4530,41597.35986,1,2,29.9530249,0.484629295,9.894136808,1.242314647,51,0,0,0,1,0,0,44,0,9
1438, info.guardianproject.pixelknot,74427,586,5228,14.236228,4611,41137.04437,2,2,30.87503258,0.467576792,10.00794281,1.187713311,61,0,0,0,1,0,0,44,0,9
1441, jp.yhonda,3991,29,129,30.9379845,144,640.5517241,0,1,30.94231745,0.0,5.494505495,0.068965517,14,0,0,0,0,0,0,25,0,0
1444, ca.rmen.android.poetassistant,157413,1309,8176,19.25305773,11782,73590.24599,2,2,41.95691917,0.565317036,10.33703961,1.294881589,69,0,0,0,1,0,0,11,10,0
1456, ch.blinkenlights.android.vanilla,35805,205,1523,23.50952068,2200,16344.39024,2,3,49.64644984,0.219512195,10.96979332,1.219512195,26,1,0,0,0,0,0,28,22,7
1457, ch.blinkenlights.android.vanilla,35913,205,1527,23.51866405,2209,16454.3561,2,3,49.17254305,0.219512195,10.73131955,1.224390244,26,1,0,0,0,0,0,29,22,7
1458, ch.blinkenlights.android.vanilla,36083,209,1535,23.50684039,2219,16297.44019,2,3,48.26610188,0.215311005,10.90047393,1.210526316,26,1,0,0,0,0,0,29,24,7
1464, org.kiwix.kiwixmobile,131085,1335,11159,11.74702034,8257,69018.62397,0,1,40.264688,0.438951311,7.565511412,0.453932584,81,1,0,0,1,0,0,46,0,3
1465, org.kiwix.kiwixmobile,146016,1453,12292,11.87894566,8943,75655.44116,0,1,40.68298955,0.44735031,8.878224355,0.60770819,81,1,0,0,1,0,0,51,51,3
1468, com.opendoorstudios.ds4droid,8574,54,277,30.95306859,421,2159.574074,0,1,51.15737286,0.018518519,9.705882353,1.185185185,15,0,0,0,0,0,0,17,15,1
1473, net.somethingdreadful.MAL,139593,1038,9815,14.22241467,9935,93942.22062,2,2,41.78927095,0.477842004,11.21375417,0.953757225,53,1,0,0,1,0,0,28,37,6
1474, net.somethingdreadful.MAL,172860,1400,11692,14.78446801,11679,97536.33429,2,2,41.08702963,0.482142857,12.0150975,0.859285714,56,1,0,0,1,2,0,31,58,14
1481, com.grarak.kerneladiutor,246486,2252,18262,13.49720732,15126,122660.3073,2,4,38.82871903,0.408969805,8.163265306,0.54928952,125,2,0,0,1,0,0,51,0,12
1482, com.grarak.kerneladiutor,247170,2258,18306,13.50213045,15163,122929.0868,2,4,38.72097786,0.408768822,8.153735632,0.548715678,125,2,0,0,1,0,0,47,0,12
1483, com.grarak.kerneladiutor,247303,2258,18306,13.50939583,15170,122985.837,2,4,38.72211565,0.408768822,8.146907525,0.549158547,125,2,0,0,1,0,0,47,0,12
1487, com.mantz,64325,569,4454,14.44207454,3702,28978.39719,2,2,49.66418235,0.370826011,6.516724337,0.344463972,34,1,0,0,0,0,0,20,0,1
1491, com.github.premnirmal.tickerwidget,475815,4594,35334,13.46620818,22686,174485.6604,0,1,90.78014184,0.650848933,9.050737789,0.41880714,92,1,0,0,1,2,0,70,0,6
1492, com.ubergeek42.WeechatAndroid,105037,832,6300,16.67253968,7427,56238.10096,1,2,29.5836778,0.641826923,12.83851555,1.859375,46,0,0,0,1,0,0,20,0,0
1494,com.ubergeek42.WeechatAndroid,150673,1215,7711,19.54000778,10557,67000.02222,1,2,31.01822393,0.531687243,14.96808276,1.694650206,83,0,0,0,1,0,0,20,0,0
1495, org.smc.inputmethod.indic,156508,1486,11122,14.07192951,9221,69014.77927,1,4,52.37228274,0.385598923,11.25335862,1.132570659,37,1,0,0,0,0,0,46,45,3
1496, org.smc.inputmethod.indic,156529,1486,11123,14.07255237,9224,69043.44011,1,4,52.37228274,0.385598923,11.25158028,1.132570659,37,1,0,0,0,0,0,46,45,3
1497, org.smc.inputmethod.indic,156521,1486,11123,14.07183314,9223,69035.95491,1,4,52.37228274,0.385598923,11.25158028,1.132570659,37,1,0,0,0,0,0,46,45,3
1505, com.notriddle.budget,6312,56,323,19.54179567,231,1332.375,3,2,49.58625622,0.0,10.52631579,0.285714286,11,0,0,0,0,0,0,5,110,0
1506, com.nightshadelabs.anotherbrowser,64,1,2,32.0,6,12.0,0,1,0.0,0.0,0.0,0.0,1,0,0,0,0,0,0,0,0,0
1516, org.yaaic,81450,660,5967,13.65007541,4977,44996.60455,3,2,46.88232735,0.415151515,7.417397168,0.506060606,58,0,0,0,1,0,0,4,32,0
1517, org.yaaic,95673,1013,7855,12.17988542,5038,39065.63672,3,2,46.92839049,0.370187562,6.796116505,0.281342547,37,1,0,0,0,0,0,20,32,3
1526, de.j4velin.wifiAutoOff,32921,357,2370,13.8907173,2571,17067.98319,0,1,14.31428571,0.526610644,4.206791688,0.495798319,23,0,0,0,1,0,0,8,0,0
1527, de.j4velin.wifiAutoOff,44701,491,3432,13.0247669,3389,23688.4888,0,1,14.31428571,0.50712831,4.048582996,0.378818737,23,0,0,0,1,0,0,8,0,0
1528, net.sourceforge.subsonic.androidapp,66290,721,5038,13.15799921,3754,26231.14008,3,4,30.49500302,0.252427184,5.549568966,0.238557559,38,2,0,0,1,7,1,33,0,4
1529, net.sourceforge.subsonic.androidapp,66417,721,5038,13.18320762,3767,26321.97781,3,4,30.47730175,0.252427184,5.552560647,0.238557559,38,2,0,0,1,7,1,36,0,4
1530, net.sourceforge.subsonic.androidapp,71236,785,5454,13.06123946,4039,28062.04586,3,4,30.66278973,0.270063694,5.434782609,0.226751592,38,2,0,0,1,7,1,40,0,5
1533, org.addhen.smssync,202529,1765,12856,15.75365588,11445,83363.69405,14,4,52.1897085,0.48611898,19.72150259,2.187535411,123,4,0,0,1,2,0,47,96,1
1539, net.codechunk.speedofsound,47439,365,3475,13.65151079,3742,35625.89041,1,3,34.87685815,0.55890411,7.483870968,0.539726027,37,0,1,0,1,0,0,0,13,0
1543, com.google.zxing.client.android,86419,377,2362,36.58721423,4579,28688.58886,4,2,47.96546162,0.50132626,13.58734723,0.901856764,15,0,0,0,0,0,0,8,16,2
1544, aws.apps.usbDeviceEnumerator,5227,26,168,31.11309524,90,581.5384615,2,2,53.69245758,0.0,7.650273224,0.5,8,0,0,0,0,0,0,12,18,1
1548, com.hobbyone.HashDroid,20941,48,294,71.22789116,218,1335.25,12,2,49.50795314,0.0,2.51572327,0.5625,12,0,0,0,0,0,0,7,0,0
1552, dk.nindroid.rss,83951,737,5200,16.14442308,4224,29802.98507,10,3,56.61798793,0.23202171,8.931357254,0.512890095,73,1,0,0,10,2,0,43,20,19
1558, com.mobilepearls.sokoban,14035,19,69,203.4057971,81,294.1578947,0,1,34.31299603,0.0,20.83333333,0.578947368,12,0,0,0,0,0,0,0,0,8
1561, com.github.quarck.calnotify,348398,2574,21953,15.8701772,19491,166233.8473,1,2,49.66628389,0.450660451,9.515387336,0.584693085,116,4,0,0,1,0,0,62,33,3
1568, com.menny.android.anysoftkeyboard,41521,278,1843,22.52902876,2421,16050.01079,1,2,83.53773585,0.651079137,9.294403893,1.435251799,61,0,0,0,4,0,0,8,17,0
1569, com.menny.android.anysoftkeyboard,155355,1304,8193,18.96191871,11752,73837.52761,0,1,38.57508913,0.88803681,13.15743491,2.253834356,64,0,0,0,2,0,0,21,17,0
1570, com.menny.android.anysoftkeyboard,155997,1308,8228,18.95928537,11773,74058.29052,0,1,38.56359649,0.886085627,13.0525583,2.243883792,64,0,0,0,2,0,0,21,17,0
1576, kvj.taskw,221106,2078,16980,13.02155477,14229,116269.692,3,2,39.66303765,0.47545717,7.690432663,0.558229066,102,3,0,0,1,0,0,45,2,3
1579, jp.co.kayo.android.localplayer,165997,1079,8800,18.86329545,10060,82046.3392,9,4,43.3055254,0.253012048,12.09225016,1.042632067,110,0,0,0,1,4,3,91,105,17
1580, org.zamedev.gloomydungeons2.opensource,180096,1490,11996,15.01300433,12104,97449.38523,0,1,0.0,0.537583893,24.79364585,6.362416107,53,1,0,0,3,2,0,63,0,8
1585, com.moonpi.swiftnotes,116316,1174,9928,11.71595488,7392,62510.88245,0,1,51.32594943,0.466780239,6.590801328,0.412265758,98,1,0,0,1,0,0,29,0,3
1595, org.jfedor.frozenbubble,24982,116,916,27.27292576,1375,10857.75862,5,2,45.06251568,0.50862069,17.38544474,3.025862069,22,0,0,0,0,0,0,0,9,90
1599, tv.piratemedia.lightcontroler,126992,1280,10178,12.47710749,7670,60988.48438,1,2,42.04484436,0.45,7.31322343,0.50859375,75,1,0,0,1,0,0,28,0,3
1605, wb.receiptspro,387255,1981,17480,22.1541762,21106,186235.679,0,1,89.24050633,0.569914185,22.25888325,5.414941949,138,1,0,0,2,0,0,115,91,29
1606, wb.receiptspro,511880,2972,25017,20.46128633,28236,237678.3351,0,1,57.04491726,0.560228802,22.54461335,4.554172275,216,2,0,0,2,0,0,177,138,40
1609, com.google.android.diskusage,18078,160,832,21.72836538,763,3967.6,1,3,34.57482874,0.03125,12.5,2.4625,35,0,0,0,0,0,0,20,0,0
1613, com.brentpanther.bitcoinwidget,44950,276,2230,20.15695067,2464,19908.4058,48,2,39.37910185,0.608695652,24.68123862,2.31884058,0,0,0,0,0,0,0,8,0,0
1616, at.tomtasche.reader,118758,1094,9332,12.72588941,6816,58141.60146,0,1,34.03449415,0.490859232,10.57108141,0.648080439,55,0,0,0,1,0,3,40,5,1
1620, com.simplemobiletools.camera,70283,750,5295,13.27346553,5533,39062.98,4,2,51.29121345,0.550666667,5.076472502,0.417333333,21,0,0,0,1,0,0,13,0,0
1621, a2dp.Vol,80578,919,6722,11.98720619,4407,32234.87922,0,1,29.64784468,0.353645267,7.741935484,0.490750816,93,1,1,0,0,0,0,39,29,3
1623, a2dp.Vol,106268,1253,9201,11.54961417,5777,42421.52993,0,1,29.59994532,0.363128492,8.058042606,0.482043097,95,1,1,0,0,0,0,39,29,3
1627, org.cprados.wificellmanager,12166,88,575,21.15826087,860,5619.318182,3,2,54.80434468,0.011363636,22.89473684,2.295454545,7,1,0,0,0,0,0,1,0,0
1628, org.cprados.wificellmanager,10879,67,465,23.39569892,797,5531.41791,3,2,51.05720905,0.014925373,22.44897959,2.462686567,7,1,0,0,0,0,0,1,0,0
1640, jp.sblo.pandora.aGrep,3447,43,170,20.27647059,131,517.9069767,0,1,31.32119211,0.023255814,5.303030303,0.162790698,16,0,0,0,0,0,0,5,0,0
1644, com.simplemobiletools.applauncher,106901,996,7658,13.95938887,8577,65946.45181,4,2,38.3930776,0.630522088,4.587488667,0.453815261,23,0,0,0,1,0,0,8,5,0
1648, com.dozingcatsoftware.asciicam,26314,274,2130,12.35399061,1613,12539.0146,1,2,35.47907318,0.401459854,9.174311927,0.510948905,13,0,0,0,0,0,0,19,0,2
1649, com.unleashyouradventure.swaccess,128403,972,7653,16.77812623,6545,51531.77469,3,3,49.33535383,0.458847737,14.07307172,0.799382716,51,0,0,0,1,0,4,25,10,5
1650, com.unleashyouradventure.swaccess,110415,984,7724,14.29505438,6619,51956.45935,3,3,49.33535383,0.459349593,14.1989882,0.795731707,51,0,0,0,1,0,4,26,10,5
1651, de.onyxbits.textfiction,57943,558,4420,13.10927602,3468,27470.53763,2,3,68.52665905,0.38172043,10.87578706,1.451612903,38,1,0,0,0,0,0,34,0,1
1657, org.evilsoft.pathfinder.reference,128679,1128,9363,13.74335149,7762,64428.72872,19,3,47.38204076,0.398049645,14.06950673,1.046985816,48,1,0,0,1,3,0,84,105,1
1660, com.jmstudios.redmoon,206478,1924,16223,12.72748567,13647,115070.3124,5,2,51.41412699,0.488045738,8.023774146,0.590956341,93,1,1,0,1,0,0,24,0,3
1663, com.gh4a,249226,2182,16770,14.8614192,12483,95939.46379,1,4,47.47088649,0.468377635,9.53249121,0.524747938,112,1,0,0,2,0,0,43,5,7
1664, com.gh4a,269028,2321,18305,14.69696804,13618,107400.9005,1,4,47.50013821,0.466178371,9.716065652,0.549763033,123,1,0,0,2,0,0,43,5,8
1666, com.koushikdutta.superuser,37433,438,3033,12.3419057,2147,14867.23973,1,2,22.72605789,0.335616438,7.458292444,0.305936073,55,0,0,0,0,0,1,16,66,0
1667, com.koushikdutta.superuser,37433,438,3033,12.3419057,2147,14867.23973,1,2,22.72605789,0.335616438,7.458292444,0.305936073,55,0,0,0,0,0,1,16,66,0
1668, com.koushikdutta.superuser,37433,438,3033,12.3419057,2147,14867.23973,1,2,22.72605789,0.335616438,7.458292444,0.305936073,55,0,0,0,0,0,1,16,66,0
1669, ca.mimic.apphangar,37721,310,1993,18.9267436,2427,15603.26129,1,2,38.9827678,0.448387097,5.868544601,0.416129032,21,0,0,0,0,0,0,5,23,1
1670, ca.mimic.apphangar,37818,314,2002,18.89010989,2431,15499.56051,1,2,41.43296734,0.442675159,5.82072177,0.398089172,22,0,0,0,0,0,0,5,23,1
1671, ca.mimic.apphangar,41216,349,2168,19.01107011,2718,16884.30946,1,2,41.5470689,0.452722063,6.827731092,0.386819484,24,0,0,0,0,0,0,5,23,1
1678, org.androidsoft.games.memory.kids,2561,40,240,10.67083333,74,444.0,1,2,43.98001625,0.225,7.228915663,0.4,11,0,0,0,0,0,0,0,0,2
1683, simple.reboot.com,59225,557,3996,14.82107107,4822,34593.73788,0,1,15.97222222,0.596050269,4.925496689,0.412926391,18,0,0,0,0,0,0,8,0,0
1687, eu.siacs.conversations,907643,6324,46847,19.37462378,39825,295016.0935,1,5,29.3965898,0.464421252,16.5761005,1.444180898,242,5,0,0,2,0,0,108,110,18
1690, com.phpsysinfo,132168,1285,11048,11.96307024,8281,71197.26693,0,1,66.06774005,0.456809339,7.510638298,0.487937743,74,1,0,0,2,0,1,24,0,3
1691, com.Pau.ImapNotes2,180123,1355,11026,16.33620533,11156,90779.37712,1,2,54.02019813,0.483394834,13.83005233,1.621402214,30,1,0,0,0,0,0,145,11,3
1710, org.montrealtransit.android,78957,655,5013,15.75044883,3948,30215.76183,2,9,46.06883099,0.198473282,8.796844181,0.392366412,63,0,12,0,1,0,0,3,78,1
1725, trikita.obsqr,2544,24,114,22.31578947,97,460.75,9,2,37.61750683,0.0,9.090909091,0.166666667,15,0,0,0,0,0,0,0,0,0
1726, trikita.obsqr,6718,69,287,23.40766551,250,1039.855072,9,2,45.90288671,0.231884058,20.4379562,0.492753623,11,0,0,0,0,0,0,0,0,0
1728, et.nWifiManager,3305,40,172,19.21511628,104,447.2,1,2,37.90835123,0.0,22.52252252,0.8,8,0,0,0,0,0,0,0,0,0
1732, com.darshancomputing.BatteryIndicatorPro,43839,398,2997,14.62762763,2622,19744.05528,1,2,44.57869851,0.324120603,11.59811194,0.82160804,29,0,0,0,0,0,0,56,37,2
1739, com.zegoggles.smssync,147483,856,6523,22.60968879,7500,57152.45327,2,2,40.98549655,0.478971963,23.76353526,4.103971963,22,7,0,0,2,0,1,81,4,0
1740, com.zegoggles.smssync,146535,845,6498,22.55078486,7435,57174.71006,2,2,43.37750756,0.475739645,23.50845948,4.125443787,22,7,0,0,3,0,1,71,0,0
1741, com.zegoggles.smssync,146575,845,6500,22.55,7435,57192.30769,2,2,43.37750756,0.475739645,23.50845948,4.125443787,22,7,0,0,3,0,1,71,0,0
1743, net.cyclestreets,150172,1186,8807,17.05143636,7335,54468.25042,2,3,45.55245126,0.432546374,18.27399198,3.169477234,51,1,3,2,1,2,2,53,17,9
1744, com.matejdro.pebbledialer,175757,1803,14154,12.41747916,10754,84421.58403,1,2,43.43481105,0.454242928,11.37212197,1.054908486,88,1,0,0,2,0,0,39,8,3
1745, com.matejdro.pebbledialer,175801,1803,14154,12.42058782,10762,84484.38602,1,2,43.43870968,0.454242928,11.37035309,1.054908486,88,1,0,0,2,0,0,39,8,3
1746, com.matejdro.pebbledialer,175906,1805,14168,12.41572558,10770,84537.04155,1,2,44.77692559,0.454293629,11.44100731,1.060387812,88,1,0,0,2,0,0,39,8,3
1757, net.ralphbroenink.muzei.unsplash,1732,15,121,14.31404959,83,669.5333333,0,1,49.47916667,0.533333333,5.882352941,0.0,0,1,0,0,1,0,0,0,0,0
1761, com.numix.icons,97469,958,7955,12.25254557,6175,51275.70459,1,2,44.42757427,0.43006263,7.116898849,0.371607516,45,1,0,0,1,0,0,33,0,3
1762, com.numix.icons,96321,942,7896,12.19870821,6172,51734.72611,0,1,44.74818336,0.437367304,7.068223725,0.378980892,39,1,0,0,1,0,0,33,0,2
1763, com.numix.icons,96342,942,7896,12.20136778,6172,51734.72611,0,1,44.74818336,0.437367304,7.068223725,0.378980892,39,1,0,0,1,0,0,33,0,2
1768, com.google.android.stardroid,36245,352,2555,14.18590998,915,6641.548295,1,4,49.47086504,0.056818182,17.85407725,1.747159091,28,1,1,0,0,0,0,0,0,2
1774, com.umang.dashnotifier,52397,545,4078,12.84870034,3066,22941.55596,11,2,55.39299488,0.383486239,6.457800512,0.271559633,19,3,0,0,0,0,0,14,9,1
1775, com.better.alarm,235990,2394,18297,12.8977428,9529,72828.78571,1,2,44.61001826,0.586466165,9.152872444,0.35839599,34,4,0,0,0,3,0,34,9,1
1776, com.better.alarm,236390,2400,18338,12.89071873,9530,72817.14167,1,2,43.78004254,0.585,9.089143523,0.355833333,33,4,0,0,0,3,0,35,9,1
1777, com.better.alarm,256929,2714,20613,12.46441566,10495,79710.18239,1,2,44.14088899,0.560427413,8.677337826,0.343036109,33,4,0,0,0,3,0,41,9,3
1780, com.dozuki.ifixit,207001,1890,14047,14.7363138,12006,89231.89524,1,4,42.85258209,0.40952381,13.98467433,1.020634921,136,1,0,0,1,0,0,47,6,13
1781, com.dozuki.ifixit,171469,1500,10314,16.62487881,10341,71104.716,32,4,39.21510805,0.385333333,16.93446089,1.212666667,150,0,0,0,1,0,0,35,0,12
1782, com.dozuki.ifixit,171493,1499,10315,16.6255938,10346,71193.45564,32,4,39.57133915,0.385590394,16.93804187,1.21347565,150,0,0,0,1,0,0,35,0,12
1783, com.termux,31449,276,1612,19.50930521,2035,11885.57971,1,2,24.13466745,0.34057971,9.611451943,0.713768116,24,1,0,0,0,0,0,35,0,0
1784, com.termux,31449,276,1612,19.50930521,2035,11885.57971,1,2,24.13466745,0.34057971,9.611451943,0.713768116,24,1,0,0,0,0,0,35,0,0
1785, com.termux.styling,553,6,15,36.86666667,27,67.5,0,1,25.0,0.0,0.0,0.0,5,0,0,0,0,0,0,4,0,0
1786, com.u17od.upm,19905,182,958,20.7776618,725,3816.208791,1,2,47.10113841,0.208791209,21.16504854,1.241758242,50,0,0,0,0,5,0,36,0,0
1787, com.u17od.upm,20094,181,970,20.71546392,725,3885.359116,1,2,48.41572394,0.209944751,21.19460501,1.254143646,50,0,0,0,0,5,0,36,0,0
1793, com.iskrembilen.quasseldroid,137711,1311,10304,13.36480978,7951,62492.07018,0,1,44.38679581,0.416475973,12.48948696,0.723874905,93,2,0,0,1,0,0,24,34,3
1794, com.iskrembilen.quasseldroid,392624,3670,29018,13.53036047,18668,147604.3662,4,2,42.70674784,0.546866485,11.33446584,0.559945504,110,2,0,0,1,3,0,47,34,3
1796, de.ph1b.audiobook,217555,2135,13407,16.22697099,13360,83895.79391,1,3,48.52423578,0.456674473,12.07019546,0.784074941,72,1,0,0,1,0,0,54,73,8
1797, de.ph1b.audiobook,233187,2305,14310,16.29538784,14261,88535.75271,1,3,48.04984557,0.460303688,11.71967797,0.769631236,85,3,0,0,1,0,0,55,73,8
1798, vnd.blueararat.kaleidoscope6,9502,32,213,44.61032864,181,1204.78125,4,2,53.2296615,0.0,2.659574468,0.0,6,0,0,0,0,0,0,8,0,11
1806, com.elsdoerfer.android.autostarts,59996,592,4438,13.51870212,3438,25773.38514,2,2,50.39922474,0.413851351,10.32894737,0.464527027,14,1,0,0,0,0,0,34,2,1
1810, at.bitfire.davdroid,323405,2607,19479,16.60275168,19493,145647.9275,3,2,49.38078212,0.517836594,15.64169824,1.188339087,99,0,0,0,1,0,0,27,64,0
1815, me.phh.superuser,36230,415,2901,12.48879697,2118,14805.58554,0,1,0.0,0.501204819,7.48502994,0.322891566,44,0,0,0,0,0,0,14,66,0
1817, de.j4velin.pedometer,63479,532,4024,15.7750994,4880,36911.8797,0,1,54.45065122,0.577067669,7.296137339,0.370300752,37,0,0,0,0,0,0,4,29,0
1818, de.j4velin.pedometer,48024,455,3341,14.37413948,3493,25648.6,0,1,55.22393725,0.567032967,7.168784029,0.347252747,39,0,0,0,0,0,0,4,29,0
1819, com.daviancorp.android.mh4udatabase,188297,1672,13388,14.0646101,10209,81745.27033,0,1,90.74074074,0.549641148,8.284556506,0.561004785,104,1,0,0,1,0,0,28,37,32
1826, com.amaze.filemanager,416610,2948,24110,17.27955205,24586,201074.7829,3,2,32.47713699,0.508819539,15.41536739,2.234735414,136,1,0,0,1,0,0,363,25,5
1827, com.amaze.filemanager,417904,2947,24119,17.32675484,24752,202576.6841,3,2,32.36279725,0.508992195,15.45345585,2.256871395,137,1,0,0,1,0,0,374,25,5
1828, com.amaze.filemanager,416106,2903,23701,17.55647441,24711,201748.3331,1,2,33.66258026,0.507406132,15.19980971,2.299689976,131,1,0,0,1,0,0,358,26,6
1960,a2dp.Vol,106316,1253,9201,11.554831,5780,42443.55946,0,1,29.59994532,0.363128492,8.058042606,0.482043097,95,1,1,0,0,0,0,39,30,3
1962,acr.browser.lightning,192437,1790,11023,17.45777012,14543,89557.25642,1,3,31.18923438,0.734636872,10.52916742,0.543575419,35,0,0,0,1,0,0,55,12,4
1964,aws.apps.usbDeviceEnumerator,219671,2049,17004,12.91878382,14671,121749.9678,2,2,45.35866758,0.484626647,7.472638068,0.469985359,96,1,0,0,1,0,0,37,5,4
1965,be.uhasselt.privacypolice,4453,81,250,17.812,186,574.0740741,2,2,43.27160494,0.296296296,17.48251748,0.469135802,6,0,0,0,0,0,0,0,0,0
1966,ch.corten.aha.worldclock,84097,633,5547,15.16080764,5895,51658.08057,1,4,43.9068095,0.54028436,8.725945587,0.826224329,30,0,0,0,1,0,0,14,20,0
1967,com.adam.aslfms,227013,2049,16979,13.37022204,14873,123244.835,2,3,59.36193351,0.466569058,7.810562856,0.505612494,116,1,0,0,1,0,0,24,35,7
1968,com.adam.aslfms,228151,2049,16987,13.43091776,14908,123593.0678,2,3,59.40386637,0.466569058,7.827594749,0.508052709,115,1,0,0,1,0,0,24,37,7
1969,com.adam.aslfms,226997,2049,16979,13.3692797,14870,123219.9756,2,3,59.3665041,0.466569058,7.810562856,0.505612494,115,1,0,0,1,0,0,24,35,7
1970,com.amaze.filemanager,605617,4452,36251,16.706215,34782,283217.0445,1,2,35.68453228,0.515498652,12.27816203,1.680592992,159,1,0,0,1,0,0,406,33,7
1971,com.amaze.filemanager,605295,4444,36224,16.70977805,34771,283425.901,1,2,36.17875202,0.516426643,12.28606685,1.681593159,157,1,0,0,1,0,0,404,33,7
1972,com.android.keepass,53818,496,2962,18.16948008,2542,15180.25,0,1,100.0,0.572580645,31.06109325,2.391129032,54,0,0,0,0,0,0,24,14,1
1973,com.angrydoughnuts.android.alarmclock,98057,1239,8918,10.99540256,5423,39033.34463,3,2,32.47750831,0.367231638,7.29303548,0.315577078,24,2,0,0,0,0,0,16,17,3
1975,com.app.missednotificationsreminder,312304,3475,23478,13.30198484,17409,117619.7128,6,3,52.02262529,0.544460432,7.517985612,0.444604317,79,2,0,0,1,0,0,31,0,9
1976,com.bleyl.recurrence,148197,1350,9831,15.07445835,11407,83068.30889,1,2,36.96335224,0.62,7.164250629,0.814814815,51,0,0,0,1,0,0,8,30,0
1978,com.dozingcatsoftware.cameratimer,24306,244,2037,11.93225331,1537,12831.43033,0,1,40.4407026,0.426229508,7.122093023,0.401639344,13,0,0,0,0,0,0,10,0,2
1979,com.duckduckgo.mobile.android,545195,4260,31247,17.447915,28139,206398.9045,2,3,48.0252145,0.498826291,17.94838626,1.949530516,105,1,0,0,1,3,0,64,87,11
1981,com.easwareapps.g2l,266397,2361,18745,14.21162977,17142,136097.751,5,2,36.98559405,0.487505294,8.210462533,0.581956798,139,1,0,0,1,0,0,109,19,28
1982,com.gelakinetic.mtgfam,469591,3858,29416,15.96379521,29205,222678.6625,1,2,30.18838555,0.473043027,13.1305638,1.624157595,128,1,0,0,1,0,0,142,74,16
1983,com.gelakinetic.mtgfam,468004,3843,29451,15.89093749,29068,222763.9001,1,2,30.19317955,0.473067916,13.16109834,1.628935727,128,1,0,0,1,0,0,142,74,16
1992,com.matejdro.pebbledialer,263169,2441,19699,13.35951064,17091,137925.2802,5,2,41.62043876,0.482998771,9.867121566,0.963129865,115,1,0,0,2,0,0,39,8,3
1994,com.mobilepearls.sokoban,13874,16,60,231.2333333,78,292.5,0,1,26.98882314,0.0,23.4375,0.625,9,0,0,0,0,0,0,0,0,8
1995,com.nextcloud.client,375455,3062,24365,15.40960394,23439,186509.2211,0,1,0.0,0.569562378,10.73742925,1.011757022,239,1,0,0,3,0,0,169,121,12
1996,com.oakley.fon,3974,35,183,21.71584699,226,1181.657143,1,3,62.58825944,0.0,50.46728972,2.514285714,3,0,0,0,0,0,2,0,0,0
1998,com.palliser.nztides,1276,1,8,159.5,24,192.0,0,1,83.33333333,0.0,16.66666667,0.0,2,0,0,0,0,0,0,0,0,0
2002,com.pindroid,361458,2011,16023,22.55869687,13476,107372.4257,1,2,40.3468697,0.442068623,7.274295572,0.427647936,89,1,0,0,1,2,3,24,31,3
2009,com.xargsgrep.portknocker,287605,2280,20934,13.73865482,18245,167517.9079,0,1,60.15742998,0.396491228,23.50020132,4.837719298,89,1,0,0,1,0,0,44,43,5
2011,damo.three.ie,226736,1830,16079,14.10137446,12130,106578.2896,2,3,41.02645692,0.475956284,10.51097394,0.638251366,70,1,0,0,1,5,1,44,0,4
2012,de.blinkt.openvpn,133826,1261,9644,13.87660722,8349,63852.30452,2,2,37.82331862,0.330689929,10.73525301,0.621728787,34,0,0,0,0,0,0,43,0,0
2013,de.danoeh.antennapod,516650,4549,31570,16.36522015,31732,220219.6615,1,4,37.93605052,0.462519235,22.54391278,1.957353264,200,4,0,0,2,0,0,137,204,8
2015,de.j4velin.wifiAutoOff,81386,736,5689,14.3058534,6838,52855.13859,0,1,22.42277299,0.705163043,5.679012346,0.487771739,37,0,0,0,1,0,0,8,4,0
2019,dev.ukanth.ufirewall,347048,2960,22686,15.29789297,19407,148738.9196,16,2,45.41384317,0.479391892,10.12768175,0.741554054,145,1,0,0,1,0,0,103,15,3
2025,info.guardianproject.pixelknot,251245,2282,18160,13.83507709,16629,132332.4452,1,2,36.66611315,0.488168273,8.240115184,0.648992112,112,1,0,0,1,0,0,62,0,12
2026,me.tsukanov.counter,158050,1626,12954,12.2008646,10166,80990.38376,0,1,48.15391494,0.462484625,7.499558849,0.454489545,95,1,0,0,1,0,0,24,0,3
2029,net.kervala.comicsreader,14589,66,620,23.53064516,1074,10089.09091,2,2,60.41297708,0.0,18.97435897,6.727272727,18,0,0,0,0,0,0,46,17,7
2030,net.sourceforge.opencamera,139476,1417,10839,12.86797675,8040,61500.04234,4,2,30.66155775,0.333803811,7.313899011,0.361326747,31,1,1,0,0,0,0,32,0,11
2032,org.ametro,302788,2417,21584,14.02835434,18831,168162.3103,5,3,50.97445411,0.374017377,22.62246043,4.636326024,93,3,0,0,2,0,0,42,0,4
2033,org.isoron.uhabits,494660,4621,36658,13.49391674,26283,208500.8037,2,2,62.87954469,0.539277213,9.709887507,0.627136983,96,1,0,0,1,0,0,74,65,4
2034,org.jsl.wfwt,20601,151,824,25.00121359,1141,6226.384106,7,3,43.31164657,0.470198675,15.16666667,0.894039735,9,0,0,0,0,0,0,2,0,1
2035,org.kde.necessitas.ministro,14206,50,277,51.28519856,562,3113.48,2,2,40.83610736,0.0,11.11111111,1.44,10,0,0,0,0,0,0,53,0,0
2036,org.ligi.fast,4364,64,244,17.8852459,157,598.5625,2,2,31.09592014,0.21875,17.82178218,0.4375,6,0,0,0,0,0,0,10,0,0
2038,org.primftpd,616310,4829,30740,20.04912167,25402,161701.6939,2,2,55.67944644,0.507144336,20.93657649,1.730586043,21,1,0,0,0,0,0,121,0,1
2040,org.quantumbadger.redreader,456040,3361,30699,14.85520701,29194,266654.7474,3,3,37.09082085,0.439452544,16.2149641,2.249628087,186,1,0,0,1,0,0,74,33,9
2041,org.quantumbadger.redreader,455572,3355,30673,14.85254132,29183,266804.8164,3,3,37.14940168,0.44023845,16.23000232,2.253651267,186,1,0,0,1,0,0,74,33,8
2044,org.tamanegi.atmosphere,3357,39,189,17.76190476,135,654.2307692,0,1,42.77467122,0.0,12.0,0.58974359,3,1,0,0,0,0,0,0,0,0
2045,org.tasks,298251,2636,17727,16.82467423,17790,119637.0751,13,4,62.02252427,0.512898331,9.36218896,0.842943854,118,0,0,0,1,0,0,47,14,3
2046,org.tasks,297044,2639,17752,16.73298783,17673,118882.5676,13,4,61.68915128,0.504736643,9.397129187,0.854111406,120,0,0,0,1,0,0,47,14,3
2047,org.telegram.messenger,777431,5731,33381,23.28962584,46048,268212.9276,2,5,38.29128577,0.41545978,21.40889414,1.680858489,173,8,1,0,1,2,0,223,0,31
