id_version,package_name,average_rating,total_reviews,total_sentences,feature_requests,% feature_requests,problem_discoveries,% problem_discoveries,information_seeking,%  information_seeking,information_giving,% information_giving,other,App,GUI,Contents,Download,Company,Feature/Functionality,Improvement,Pricing,Resources,Update/Version,Model,Security,Other
2,com.f2prateek.dfg,3.730088496,226,432,75,0.331858407,6,0.026548673,10,0.044247788,23,0.101769912,318,95,62,23,2,219,12,20,0,0,0,118,0,138
4,com.midisheetmusic,4.309045226,398,871,50,0.125628141,42,0.105527638,14,0.035175879,61,0.153266332,704,262,87,85,17,329,12,19,2,0,16,26,1,320
5,info.guardianproject.checkey,4.233333333,30,68,4,0.133333333,6,0.2,2,0.066666667,6,0.2,50,23,7,8,0,30,0,1,0,1,3,2,0,20
10,ohi.andre.consolelauncher,4.272727273,11,37,3,0.272727273,5,0.454545455,1,0.090909091,2,0.181818182,26,11,3,2,0,20,1,1,0,0,0,0,1,9
11,ohi.andre.consolelauncher,4.605633803,1065,2165,110,0.103286385,172,0.161502347,36,0.033802817,136,0.127699531,1711,560,224,92,7,1023,36,52,6,3,9,102,17,790
12,biz.codefuture.svgviewer,2.766666667,30,59,4,0.133333333,10,0.333333333,0,0,3,0.1,42,12,11,2,0,40,3,0,0,0,3,1,0,15
14,org.connectbot,3.984848485,66,142,9,0.136363636,14,0.212121212,4,0.060606061,6,0.090909091,109,41,17,3,6,69,7,13,0,0,1,10,0,45
15,org.connectbot,4.083086053,337,679,22,0.065281899,59,0.175074184,10,0.029673591,35,0.103857567,553,156,73,12,12,328,18,35,1,0,4,44,1,233
30,com.github.grimpy.botifier,3.333333333,12,24,1,0.083333333,4,0.333333333,1,0.083333333,4,0.333333333,14,10,3,5,0,10,1,0,0,0,0,0,1,4
32,com.twofours.surespot,3.717948718,39,98,2,0.051282051,12,0.307692308,4,0.102564103,7,0.179487179,73,27,11,3,3,49,2,7,0,1,0,8,0,27
37,org.nick.wwwjdic,4.2,20,40,5,0.25,2,0.1,0,0,0,0,33,17,8,4,0,18,3,3,0,0,0,1,0,10
38,org.nick.wwwjdic,3.861111111,36,92,3,0.083333333,8,0.222222222,4,0.111111111,6,0.166666667,71,24,13,4,1,48,2,6,2,0,1,4,0,28
42,net.pierrox.mcompass,3.907172996,237,415,6,0.025316456,27,0.113924051,2,0.008438819,18,0.075949367,362,74,51,11,11,144,5,6,0,0,7,36,1,187
46,de.msal.muzei.nationalgeographic,2.866666667,15,27,1,0.066666667,2,0.133333333,2,0.133333333,0,0,22,10,5,0,0,14,0,6,0,0,0,3,0,6
49,org.geometerplus.fbreader.plugin.local,3.722222222,18,53,4,0.222222222,7,0.388888889,0,0,4,0.222222222,38,10,3,1,2,31,1,5,0,0,1,4,0,15
51,org.mysociety.FixMyStreet,3.077922078,77,194,19,0.246753247,34,0.441558442,1,0.012987013,19,0.246753247,121,63,51,20,0,130,6,17,0,0,1,5,1,33
64,mohammad.adib.roundr,4.043227666,694,1411,57,0.082132565,145,0.208933718,21,0.030259366,81,0.116714697,1107,410,364,76,10,704,31,65,8,0,10,148,4,412
72,com.foxykeep.lifecounter,4.714285714,14,28,5,0.357142857,0,0,1,0.071428571,5,0.357142857,17,5,3,3,1,16,1,1,0,0,0,0,0,9
75,at.bitfire.cadroid,3.8125,16,24,2,0.125,1,0.0625,0,0,4,0.25,17,6,1,3,0,16,0,0,0,0,0,2,0,3
77,mobi.omegacentauri.SendReduced,4.545454545,22,55,6,0.272727273,9,0.409090909,1,0.045454545,2,0.090909091,37,14,8,0,1,31,0,0,0,0,0,3,0,15
86,com.ihunda.android.binauralbeat,4.366210046,1095,2400,85,0.077625571,110,0.100456621,36,0.032876712,167,0.152511416,2002,709,169,122,25,982,44,28,4,0,29,33,0,932
88,de.reimardoeffinger.quickdic,4.333333333,12,29,5,0.416666667,2,0.166666667,0,0,3,0.25,19,6,3,1,0,16,0,2,0,0,0,0,0,9
89,de.reimardoeffinger.quickdic,4.5,38,80,5,0.131578947,2,0.052631579,0,0,5,0.131578947,68,16,12,3,2,40,6,7,1,0,4,1,0,27
93,com.ghostsq.commander,4.219512195,82,234,8,0.097560976,13,0.158536585,2,0.024390244,7,0.085365854,204,45,21,5,7,109,5,8,1,1,1,13,0,98
95,com.namelessdev.mpdroid,4.722689076,119,339,10,0.084033613,16,0.134453782,7,0.058823529,39,0.327731092,267,87,57,23,7,179,12,18,0,1,1,32,0,90
96,com.namelessdev.mpdroid,4.336363636,110,293,31,0.281818182,20,0.181818182,3,0.027272727,16,0.145454545,223,68,44,11,4,165,7,8,5,2,1,27,0,82
97,org.androidsoft.coloring,3.0625,16,19,0,0,1,0.0625,0,0,1,0.0625,17,3,0,0,0,7,0,0,0,0,0,0,0,11
100,com.byagowi.persiancalendar,4.390243902,41,54,3,0.073170732,3,0.073170732,0,0,1,0.024390244,47,14,3,3,0,11,0,2,0,0,0,2,0,31
101,com.byagowi.persiancalendar,4.671296296,216,277,4,0.018518519,4,0.018518519,1,0.00462963,6,0.027777778,262,40,7,2,1,43,1,5,0,0,0,11,1,192
104,it.greenaddress.cordova,1.973684211,38,71,1,0.026315789,15,0.394736842,2,0.052631579,3,0.078947368,50,13,3,6,0,45,1,3,0,2,0,7,1,15
108,com.fsck.k9,3.611428571,175,443,23,0.131428571,56,0.32,10,0.057142857,36,0.205714286,318,120,51,9,6,257,14,23,3,20,4,26,1,130
109,com.fsck.k9,3.732394366,213,543,34,0.159624413,49,0.230046948,12,0.056338028,41,0.192488263,407,163,75,19,9,300,10,33,1,31,8,41,5,139
110,com.fsck.k9,3.346416382,1172,3238,152,0.129692833,403,0.343856655,48,0.040955631,284,0.242320819,2351,916,435,105,50,2008,65,382,12,156,23,222,23,691
112,org.dmfs.tasks,3.701754386,57,157,18,0.315789474,14,0.245614035,4,0.070175439,18,0.315789474,103,49,44,10,1,106,3,8,0,1,1,9,0,30
113,org.dmfs.tasks,4.017241379,58,137,14,0.24137931,10,0.172413793,5,0.086206897,14,0.24137931,94,39,18,7,4,82,4,6,0,1,0,4,0,36
114,com.simplemobiletools.filemanager,4.24742268,97,222,18,0.18556701,15,0.154639175,5,0.051546392,9,0.092783505,175,47,36,7,1,110,2,5,2,1,1,5,1,73
115,com.numix.calculator,3.821428571,56,98,5,0.089285714,6,0.107142857,3,0.053571429,5,0.089285714,79,25,17,3,1,33,2,5,1,0,1,1,0,47
116,com.maskyn.fileeditorpro,3.923076923,13,37,2,0.153846154,2,0.153846154,0,0,1,0.076923077,32,6,4,3,0,23,1,2,0,0,0,3,0,10
119,net.fred.feedex,4.052631579,38,117,10,0.263157895,12,0.315789474,0,0,6,0.157894737,89,24,21,4,0,60,4,6,0,0,3,2,0,34
121,net.fred.feedex,3.956043956,91,209,22,0.241758242,22,0.241758242,4,0.043956044,14,0.153846154,147,46,59,2,4,104,7,12,2,2,2,4,1,57
122,org.passwordmaker.android,3.666666667,18,52,3,0.166666667,4,0.222222222,2,0.111111111,7,0.388888889,36,11,6,1,0,35,1,7,0,3,0,7,0,8
125,jp.forkhub,4.333333333,18,37,4,0.222222222,1,0.055555556,1,0.055555556,4,0.222222222,27,12,4,0,0,19,1,1,1,0,0,3,0,11
129,com.mgaetan89.showsrage,4.186046512,43,106,15,0.348837209,8,0.186046512,3,0.069767442,8,0.186046512,72,34,26,3,0,65,2,3,0,1,1,4,1,24
135,com.pindroid,4.307692308,13,44,5,0.384615385,3,0.230769231,0,0,5,0.384615385,31,13,6,0,0,26,0,2,0,2,0,9,0,10
137,marto.rtl,3.8,70,127,4,0.057142857,17,0.242857143,1,0.014285714,6,0.085714286,99,30,11,7,0,69,0,13,3,0,3,27,0,37
138,net.osmand.plus,3.551020408,98,316,22,0.224489796,25,0.255102041,7,0.071428571,30,0.306122449,232,90,45,20,10,191,15,28,4,1,8,15,0,70
139,net.osmand.plus,3.814814815,27,104,6,0.222222222,7,0.259259259,1,0.037037037,9,0.333333333,81,25,13,7,1,41,4,4,0,0,3,3,0,46
140,net.osmand.plus,3.839449541,218,676,34,0.155963303,71,0.325688073,21,0.096330275,62,0.28440367,488,187,106,43,14,409,26,70,1,10,12,31,3,131
152,org.openintents.safe,3.956834532,139,384,21,0.151079137,44,0.316546763,2,0.014388489,24,0.172661871,293,121,33,21,0,235,2,36,2,3,4,47,1,86
155,com.nolanlawson.keepscore,3.883333333,120,311,26,0.216666667,32,0.266666667,1,0.008333333,23,0.191666667,229,109,54,18,3,161,5,9,0,0,1,14,5,82
156,org.thialfihar.android.apg,4.261904762,42,97,2,0.047619048,8,0.19047619,1,0.023809524,7,0.166666667,79,15,11,2,0,52,5,11,0,1,0,7,0,32
157,org.thialfihar.android.apg,3.884057971,207,503,29,0.140096618,64,0.309178744,3,0.014492754,31,0.149758454,376,116,38,20,4,270,4,25,1,6,1,43,3,150
163,org.iilab.pb,3.04,25,57,8,0.32,6,0.24,0,0,3,0.12,40,18,6,2,0,38,1,3,0,0,0,5,1,12
166,de.j4velin.systemappmover,3.64028777,139,262,8,0.057553957,31,0.223021583,5,0.035971223,23,0.165467626,195,99,11,7,3,124,4,13,2,0,3,31,0,80
168,com.amabyte.vtucslabmanual,4.565217391,23,30,1,0.043478261,1,0.043478261,0,0,2,0.086956522,26,8,1,3,0,10,1,0,0,0,1,0,0,13
169,jwtc.android.chess,3.82,50,110,4,0.08,10,0.2,2,0.04,11,0.22,83,24,10,6,6,51,8,2,0,0,0,4,1,39
171,com.drodin.tuxrider,2.777777778,18,33,2,0.111111111,7,0.388888889,0,0,4,0.222222222,20,7,5,1,1,17,1,0,0,0,1,4,0,9
179,com.juet.attendance,2.375,16,17,1,0.0625,9,0.5625,0,0,1,0.0625,6,4,1,0,0,12,0,6,0,0,0,0,0,1
184,com.moez.QKSMS,3.815789474,76,234,15,0.197368421,13,0.171052632,2,0.026315789,19,0.25,185,76,30,7,0,107,3,3,1,0,0,8,4,80
185,com.moez.QKSMS,3.941176471,17,33,3,0.176470588,1,0.058823529,1,0.058823529,4,0.235294118,24,14,6,0,1,20,3,4,0,0,0,1,1,6
186,com.moez.QKSMS,3.510204082,392,993,64,0.163265306,116,0.295918367,19,0.048469388,80,0.204081633,714,355,179,31,9,583,14,36,4,1,9,64,29,232
190,com.manuelmaly.hn,4.125,16,36,2,0.125,2,0.125,0,0,5,0.3125,27,13,7,1,0,16,0,3,0,0,0,2,0,12
197,org.michaelevans.nightmodeenabler,3.558441558,462,919,26,0.056277056,182,0.393939394,16,0.034632035,35,0.075757576,660,169,87,15,3,566,10,82,1,0,2,104,0,246
199,org.linphone,3.6,30,59,2,0.066666667,8,0.266666667,0,0,6,0.2,43,7,6,1,0,30,1,7,1,1,0,5,2,21
200,org.linphone,3.138613861,101,268,6,0.059405941,44,0.435643564,6,0.059405941,25,0.247524752,187,97,29,11,4,154,18,23,0,17,1,30,2,60
202,ru.gelin.android.sendtosd,4.037735849,53,74,0,0,7,0.132075472,1,0.018867925,4,0.075471698,62,23,8,3,1,33,0,2,1,0,2,6,0,24
203,ru.gelin.android.sendtosd,3.253835425,717,1135,20,0.027894003,109,0.152022315,31,0.043235704,63,0.087866109,912,296,114,43,15,518,3,19,12,1,28,70,1,434
209,org.servalproject,4.034965035,143,358,18,0.125874126,21,0.146853147,8,0.055944056,25,0.174825175,286,90,21,33,2,189,6,9,9,0,1,40,1,112
216,de.eidottermihi.raspicheck,3.934782609,46,76,5,0.108695652,4,0.086956522,3,0.065217391,4,0.086956522,60,30,5,6,2,37,3,2,1,0,1,4,0,20
221,net.bible.android.activity,4.565217391,92,308,15,0.163043478,9,0.097826087,8,0.086956522,35,0.380434783,241,86,26,13,5,122,7,14,0,0,12,16,1,122
222,net.bible.android.activity,4.66025641,156,426,22,0.141025641,15,0.096153846,7,0.044871795,32,0.205128205,350,137,46,22,9,194,4,29,0,0,17,29,0,129
231,fr.neamar.kiss,4.5,10,23,0,0,1,0.1,0,0,1,0.1,21,3,2,0,0,7,0,1,0,0,0,4,1,11
233,fr.neamar.kiss,4.288461538,156,373,36,0.230769231,21,0.134615385,9,0.057692308,26,0.166666667,281,76,53,12,0,194,10,8,2,1,2,20,6,138
234,de.onyxbits.sensorreadout,4.666666667,15,32,5,0.333333333,2,0.133333333,1,0.066666667,3,0.2,21,12,6,1,1,19,0,1,0,0,0,4,0,7
238,com.nathanosman.chronosnap,3.090909091,11,41,4,0.363636364,5,0.454545455,3,0.272727273,4,0.363636364,25,8,7,4,0,20,1,1,1,0,0,1,0,17
258,com.bleyl.recurrence,4.272727273,22,59,9,0.409090909,1,0.045454545,2,0.090909091,4,0.181818182,43,17,11,2,2,35,1,1,0,0,0,0,0,18
259,org.wheelmap.android.online,3.230769231,13,30,2,0.153846154,4,0.307692308,2,0.153846154,4,0.307692308,18,9,1,4,0,18,1,2,0,0,0,2,0,7
271,me.guillaumin.android.osmtracker,3.736842105,19,48,1,0.052631579,3,0.157894737,2,0.105263158,1,0.052631579,41,16,11,3,0,30,0,6,0,0,1,2,0,7
273,de.yazo,4.055555556,18,26,0,0,2,0.111111111,1,0.055555556,0,0,23,2,1,0,0,6,0,0,0,0,0,1,0,17
274,com.frozendevs.cache.cleaner,4.923076923,13,26,1,0.076923077,1,0.076923077,0,0,1,0.076923077,23,7,0,2,1,13,0,0,2,0,0,1,0,8
275,com.frozendevs.cache.cleaner,3.894736842,19,45,0,0,5,0.263157895,2,0.105263158,3,0.157894737,35,22,4,1,0,28,0,1,12,0,1,0,0,8
276,com.frozendevs.cache.cleaner,4.518796992,133,258,7,0.052631579,8,0.060150376,2,0.015037594,17,0.127819549,224,73,20,6,7,111,4,7,36,0,2,11,2,100
277,com.palliser.nztides,4.1875,16,35,3,0.1875,1,0.0625,0,0,3,0.1875,28,11,4,6,1,14,1,1,0,0,1,2,0,11
278,com.roguetemple.hyperroid,4.6875,16,35,3,0.1875,0,0,0,0,2,0.125,30,6,2,3,0,19,4,0,0,0,0,3,0,10
279,org.dsandler.apps.markers,4.1075,400,822,39,0.0975,45,0.1125,14,0.035,51,0.1275,673,260,155,38,17,346,13,11,0,1,4,28,0,313
282,org.scid.android,4.207792208,77,166,16,0.207792208,10,0.12987013,4,0.051948052,10,0.12987013,126,42,17,5,3,79,4,6,0,0,5,3,0,54
283,com.dozingcatsoftware.bouncy,4.647058824,17,44,1,0.058823529,1,0.058823529,0,0,4,0.235294118,38,14,6,1,0,17,1,1,1,0,1,4,0,12
284,de.repat.mosf,4.730769231,26,56,4,0.153846154,1,0.038461538,0,0,5,0.192307692,46,12,8,3,1,29,0,1,0,0,2,8,0,13
288,net.sourceforge.opencamera,4.485148515,101,203,8,0.079207921,11,0.108910891,1,0.00990099,35,0.346534653,148,75,30,7,11,89,12,7,0,0,2,16,0,49
289,net.sourceforge.opencamera,4.150943396,371,739,43,0.115902965,61,0.164420485,15,0.040431267,85,0.229110512,535,231,108,21,19,340,21,24,3,0,5,60,1,247
290,net.sourceforge.opencamera,4.174668874,1208,2436,103,0.085264901,198,0.163907285,36,0.029801325,227,0.187913907,1872,797,395,56,64,1073,86,47,6,2,11,140,3,772
292,org.sickstache,3.529411765,34,80,6,0.176470588,14,0.411764706,0,0,9,0.264705882,51,19,12,2,0,54,0,2,0,0,0,2,0,19
295,net.bytten.xkcdviewer,4.631578947,38,74,2,0.052631579,10,0.263157895,0,0,5,0.131578947,57,28,14,1,1,41,1,1,0,0,0,7,0,16
299,com.watabou.pixeldungeon,4.102493075,361,795,49,0.135734072,49,0.135734072,12,0.033240997,93,0.257617729,592,176,41,39,9,302,13,30,1,0,6,27,1,325
300,com.watabou.pixeldungeon,4.258553275,2046,4390,205,0.100195503,217,0.106060606,48,0.023460411,461,0.225317693,3459,948,281,159,78,1516,64,136,10,4,41,159,5,1939
302,com.concentricsky.android.khan,3.433333333,60,101,8,0.133333333,20,0.333333333,0,0,3,0.05,70,46,23,6,1,51,2,3,1,1,10,7,0,20
307,com.alfray.timeriffic,4.2,230,627,25,0.108695652,41,0.17826087,7,0.030434783,48,0.208695652,506,208,36,27,3,343,11,42,7,18,3,94,3,158
315,name.boyle.chris.sgtpuzzles,4.79245283,106,239,15,0.141509434,4,0.037735849,4,0.037735849,14,0.132075472,202,64,29,8,5,81,3,3,0,0,2,7,0,103
316,name.boyle.chris.sgtpuzzles,4.868804665,343,820,20,0.058309038,23,0.067055394,5,0.014577259,79,0.2303207,693,216,73,20,46,259,18,15,5,0,11,43,0,337
318,github.daneren2005.dsub,4.722943723,231,671,31,0.134199134,60,0.25974026,4,0.017316017,76,0.329004329,500,242,58,22,8,348,61,59,7,1,7,48,1,163
319,github.daneren2005.dsub,4.356321839,174,573,29,0.166666667,46,0.264367816,4,0.022988506,79,0.454022989,415,208,64,33,2,336,28,50,19,0,3,41,1,118
325,cx.ring,2.457142857,35,86,7,0.2,19,0.542857143,3,0.085714286,5,0.142857143,52,22,6,5,0,65,1,8,0,12,0,16,2,8
327,me.writeily,3.863636364,22,54,6,0.272727273,1,0.045454545,1,0.045454545,2,0.090909091,44,12,13,7,0,26,2,1,0,1,0,3,0,13
350,de.srlabs.snoopsnitch,2.318181818,22,47,0,0,8,0.363636364,0,0,2,0.090909091,37,13,6,4,0,27,0,1,0,0,1,10,0,11
351,de.srlabs.snoopsnitch,2.695121951,82,161,5,0.06097561,24,0.292682927,2,0.024390244,12,0.146341463,118,39,8,14,1,94,2,8,0,0,0,44,0,48
354,ro.mihai.tpt,3.303370787,89,182,2,0.02247191,1,0.011235955,0,0,5,0.056179775,174,4,1,2,0,6,0,25,0,0,0,2,0,147
360,com.nextcloud.client,4.25,24,67,3,0.125,7,0.291666667,2,0.083333333,5,0.208333333,50,18,8,1,0,37,6,5,2,1,1,5,0,19
362,com.gimranov.zandy.app,2.666666667,30,120,10,0.333333333,20,0.666666667,0,0,10,0.333333333,80,37,24,15,2,82,3,2,1,1,8,15,0,16
364,com.colinmcdonough.android.torch,4.467213115,244,416,9,0.036885246,24,0.098360656,4,0.016393443,17,0.069672131,362,120,64,10,4,154,5,8,6,1,4,20,0,164
368,app.easytoken,4.714285714,21,52,4,0.19047619,3,0.142857143,0,0,2,0.095238095,43,24,2,2,1,29,2,3,0,0,1,7,1,13
373,vu.de.urpool.quickdroid,4.363636364,33,102,4,0.121212121,4,0.121212121,2,0.060606061,10,0.303030303,82,39,19,3,0,60,3,6,0,0,0,8,5,30
374,com.kaneoriley.cyanogenport.launcher3,4.396,250,481,34,0.136,34,0.136,10,0.04,36,0.144,367,98,101,12,1,233,8,27,3,3,4,35,1,171
376,fr.herverenault.selfhostedgpstracker,4.833333333,12,29,3,0.25,0,0,1,0.083333333,0,0,25,3,8,3,0,15,0,0,1,0,0,5,0,9
378,de.szalkowski.activitylauncher,4.233576642,137,250,12,0.087591241,25,0.182481752,6,0.04379562,9,0.065693431,198,88,38,8,0,121,0,6,1,0,0,22,0,74
382,org.brandroid.openmanager,4.186440678,118,206,8,0.06779661,18,0.152542373,2,0.016949153,10,0.084745763,168,55,18,5,3,105,2,6,0,0,0,9,0,78
400,info.papdt.blackblub,4.513636364,660,1068,42,0.063636364,49,0.074242424,4,0.006060606,56,0.084848485,917,352,139,17,20,390,29,28,1,1,8,43,3,408
409,com.nauj27.android.colorpicker,3.976470588,85,175,22,0.258823529,13,0.152941176,3,0.035294118,16,0.188235294,121,51,36,7,0,85,3,4,0,0,0,9,0,61
413,acr.browser.lightning,4.25,56,187,10,0.178571429,19,0.339285714,0,0,26,0.464285714,132,28,33,7,3,106,7,16,2,1,6,11,0,48
414,acr.browser.lightning,3.967391304,92,249,12,0.130434783,40,0.434782609,2,0.02173913,21,0.22826087,174,52,39,9,7,157,12,16,1,1,13,20,0,53
415,acr.browser.lightning,3.238636364,88,307,19,0.215909091,34,0.386363636,8,0.090909091,26,0.295454545,220,64,70,8,8,183,8,47,0,0,0,16,0,75
420,com.github.andlyticsproject,4.705882353,17,31,1,0.058823529,2,0.117647059,0,0,3,0.176470588,25,7,1,0,1,12,0,5,0,0,0,0,1,14
422,com.github.andlyticsproject,4.342281879,149,311,29,0.194630872,29,0.194630872,7,0.046979866,28,0.187919463,218,109,45,9,1,174,7,27,1,13,4,6,1,75
428,org.numixproject.iconsubmit,2.846153846,13,31,4,0.307692308,2,0.153846154,1,0.076923077,1,0.076923077,23,9,6,1,0,13,1,2,0,0,0,2,0,10
431,de.ub0r.android.callmeter,4.067073171,164,356,19,0.115853659,13,0.079268293,5,0.030487805,35,0.213414634,284,105,32,26,13,157,4,21,2,2,0,25,2,127
432,de.qspool.clementineremote,4.565217391,92,239,21,0.22826087,8,0.086956522,1,0.010869565,18,0.195652174,191,57,28,19,1,125,1,5,0,0,6,18,1,76
433,de.qspool.clementineremote,4.301724138,116,274,25,0.215517241,13,0.112068966,8,0.068965517,24,0.206896552,204,70,22,19,2,151,7,11,2,0,11,22,0,76
434,de.qspool.clementineremote,4.115384615,26,50,1,0.038461538,7,0.269230769,2,0.076923077,3,0.115384615,37,18,0,3,1,18,0,1,1,0,3,3,1,19
440,com.shahul3d.indiasatelliteweather,4.434322895,2459,3352,105,0.042700285,59,0.023993493,18,0.007320049,155,0.063033754,3015,1064,282,158,2,850,74,148,8,0,19,17,12,1524
441,com.dozingcatsoftware.cameratimer,3.307692308,13,31,1,0.076923077,2,0.153846154,0,0,0,0,28,4,8,0,1,15,1,0,0,0,1,1,0,10
448,org.yuttadhammo.BodhiTimer,4.284210526,95,235,10,0.105263158,11,0.115789474,4,0.042105263,23,0.242105263,187,42,16,9,6,100,8,6,0,1,0,9,1,103
454,com.ghstudios.android.mhgendatabase,4.689922481,129,275,35,0.271317829,10,0.07751938,10,0.07751938,23,0.178294574,197,94,35,39,3,127,4,17,1,0,2,2,0,82
455,goo.TeaTimer,3.948717949,39,112,7,0.179487179,4,0.102564103,1,0.025641026,15,0.384615385,85,24,15,4,1,56,6,6,0,0,1,5,0,39
461,net.pmarks.chromadoze,4.805555556,36,118,8,0.222222222,4,0.111111111,2,0.055555556,11,0.305555556,93,37,14,3,3,50,3,1,0,2,3,1,0,42
465,org.ligi.vaporizercontrol,4.777777778,18,58,4,0.222222222,0,0,0,0,12,0.666666667,42,21,9,0,0,33,2,2,0,0,0,3,0,12
469,net.kervala.comicsreader,2.92,50,104,6,0.12,19,0.38,2,0.04,9,0.18,68,27,17,3,3,57,5,3,0,0,4,0,0,29
471,net.kervala.comicsreader,3.49122807,57,116,6,0.105263158,18,0.315789474,4,0.070175439,4,0.070175439,84,38,28,1,1,67,2,8,1,0,0,1,0,25
476,org.yaxim.androidclient,3.979166667,48,93,4,0.083333333,8,0.166666667,2,0.041666667,2,0.041666667,77,22,12,3,0,49,0,2,1,4,0,3,2,28
479,com.gelakinetic.mtgfam,4.771428571,70,153,14,0.2,3,0.042857143,0,0,20,0.285714286,116,60,21,9,8,76,4,4,0,0,0,1,1,33
480,com.gelakinetic.mtgfam,4.794117647,68,142,12,0.176470588,3,0.044117647,5,0.073529412,10,0.147058824,112,52,9,4,4,69,4,6,0,0,2,6,0,43
481,com.gelakinetic.mtgfam,4.642857143,14,29,3,0.214285714,4,0.285714286,0,0,1,0.071428571,21,18,3,1,0,14,0,3,0,0,0,1,0,5
484,nitezh.ministock,3.52173913,23,63,1,0.043478261,10,0.434782609,0,0,7,0.304347826,45,25,10,4,2,44,3,14,0,0,0,7,0,9
485,nitezh.ministock,3.473684211,19,53,2,0.105263158,6,0.315789474,0,0,8,0.421052632,37,12,12,3,1,32,1,11,0,0,0,3,0,13
489,com.app.missednotificationsreminder,3.238095238,21,65,8,0.380952381,8,0.380952381,1,0.047619048,6,0.285714286,42,22,8,2,0,46,1,1,0,0,1,5,0,10
490,us.bravender.android.dongsa,4.142857143,28,74,6,0.214285714,3,0.107142857,0,0,8,0.285714286,57,29,18,0,0,37,4,4,0,1,0,4,0,15
496,org.qii.weiciyuan,4.089285714,56,63,1,0.017857143,4,0.071428571,0,0,0,0,58,10,1,1,0,8,1,1,0,1,0,1,0,45
498,com.termux.api,4.285714286,14,25,4,0.285714286,3,0.214285714,1,0.071428571,4,0.285714286,13,5,2,3,1,16,0,1,1,0,0,4,0,5
501,eu.faircode.netguard,3.989830508,295,858,37,0.125423729,80,0.271186441,15,0.050847458,69,0.233898305,657,285,80,26,27,433,18,44,9,15,9,80,2,264
507,jackpal.androidterm,4.122866894,293,416,26,0.088737201,50,0.170648464,14,0.04778157,20,0.068259386,306,94,28,9,3,192,4,6,4,0,6,30,0,155
514,com.knirirr.beecount,4.8,10,35,5,0.5,1,0.1,0,0,2,0.2,27,9,8,2,0,20,2,1,0,0,0,0,0,11
515,com.knirirr.beecount,4.769230769,13,41,2,0.153846154,1,0.076923077,0,0,4,0.307692308,34,14,4,4,0,25,1,0,0,0,0,0,0,10
516,com.knirirr.beecount,4.76,25,66,4,0.16,1,0.04,4,0.16,6,0.24,51,22,10,4,0,37,3,1,0,0,0,2,0,16
520,com.farmerbb.taskbar,4.052631579,19,54,7,0.368421053,4,0.210526316,0,0,2,0.105263158,41,16,10,1,1,29,3,3,0,0,1,3,0,19
521,com.farmerbb.taskbar,4.232081911,293,666,57,0.194539249,35,0.119453925,5,0.017064846,56,0.19112628,513,206,156,30,7,366,15,25,0,0,7,48,2,183
522,org.jessies.dalvikexplorer,4.441176471,34,50,2,0.058823529,0,0,3,0.088235294,0,0,45,12,5,7,0,14,0,1,0,0,0,3,0,27
526,com.aselalee.trainschedule,5,10,15,0,0,0,0,1,0.1,0,0,14,5,0,0,0,2,0,0,0,0,0,0,0,9
527,com.aselalee.trainschedule,4.65,20,61,1,0.05,4,0.2,0,0,3,0.15,53,15,2,0,0,20,1,2,0,0,0,2,0,33
528,com.aselalee.trainschedule,3.15942029,69,115,1,0.014492754,26,0.376811594,0,0,2,0.028985507,86,25,9,1,0,48,5,2,0,0,0,0,0,50
531,com.ds.avare,4.592891761,619,1464,56,0.090468498,68,0.109854604,17,0.027463651,139,0.224555735,1184,554,137,112,169,681,78,58,6,2,20,107,7,340
533,giraffine.dimmer,4.428571429,154,291,8,0.051948052,15,0.097402597,2,0.012987013,15,0.097402597,251,99,36,9,1,129,4,4,1,1,3,15,0,104
534,giraffine.dimmer,4.242424242,198,373,11,0.055555556,24,0.121212121,0,0,14,0.070707071,324,127,49,6,1,168,5,16,3,1,2,21,0,118
536,dk.andsen.asqlitemanager,4.337606838,234,437,22,0.094017094,35,0.14957265,4,0.017094017,22,0.094017094,354,114,61,6,11,226,13,16,1,0,1,24,0,144
538,in.blogspot.anselmbros.torchie,3.676056338,71,160,6,0.084507042,24,0.338028169,3,0.042253521,11,0.154929577,116,34,29,11,0,89,0,5,0,0,0,12,0,43
539,in.blogspot.anselmbros.torchie,3.79047619,315,588,21,0.066666667,66,0.20952381,4,0.012698413,40,0.126984127,457,177,91,33,1,285,6,18,1,0,8,44,0,175
542,org.andglkmod.hunkypunk,4.4,30,83,5,0.166666667,8,0.266666667,2,0.066666667,15,0.5,53,23,11,3,0,52,1,4,1,0,1,6,0,13
545,org.wordpress.android,3.6675,3200,6339,296,0.0925,833,0.2603125,147,0.0459375,407,0.1271875,4656,1860,892,406,38,3380,136,489,11,81,44,267,41,1812
546,com.pilockerstable,3.468085106,47,108,5,0.106382979,14,0.29787234,0,0,10,0.212765957,79,12,23,8,1,55,3,6,1,0,0,6,0,33
548,com.yassirh.digitalocean,4.456521739,46,73,7,0.152173913,4,0.086956522,0,0,6,0.130434783,56,24,8,3,0,36,2,0,0,1,0,0,0,24
555,org.ametro,3.391304348,23,66,7,0.304347826,12,0.52173913,2,0.086956522,4,0.173913043,41,19,15,5,1,33,1,11,0,0,1,4,0,19
557,de.blinkt.openvpn,4,39,78,3,0.076923077,14,0.358974359,2,0.051282051,6,0.153846154,53,22,3,2,1,44,2,6,1,1,1,9,1,21
558,de.blinkt.openvpn,4.093220339,118,164,6,0.050847458,16,0.13559322,7,0.059322034,7,0.059322034,128,47,9,5,1,70,5,4,1,1,5,8,0,62
559,de.blinkt.openvpn,3.9125,80,121,4,0.05,11,0.1375,3,0.0375,11,0.1375,92,32,8,4,2,54,4,2,1,1,0,8,0,45
563,it.iiizio.epubator,3.814814815,81,160,6,0.074074074,19,0.234567901,0,0,11,0.135802469,124,39,22,2,2,86,4,4,0,0,7,4,0,48
564,org.openintents.shopping,3.185185185,81,232,11,0.135802469,29,0.358024691,11,0.135802469,6,0.074074074,175,58,71,9,0,130,6,36,0,0,1,13,0,48
571,com.jefftharris.passwdsafe,4.869565217,23,64,2,0.086956522,5,0.217391304,3,0.130434783,2,0.086956522,52,20,4,3,1,39,0,5,0,1,1,13,0,15
572,com.jefftharris.passwdsafe,4.418604651,301,798,32,0.106312292,58,0.19269103,16,0.053156146,75,0.249169435,617,235,95,43,7,483,20,66,0,6,0,127,0,180
578,com.ghostsq.commander.samba,3.764705882,17,38,3,0.176470588,6,0.352941176,0,0,5,0.294117647,24,6,2,3,0,29,1,0,0,1,0,5,0,7
579,com.nononsenseapps.notepad,4.7,10,30,2,0.2,1,0.1,1,0.1,3,0.3,23,12,9,3,0,14,0,2,0,0,0,2,0,9
580,com.nononsenseapps.notepad,3.636363636,11,34,2,0.181818182,4,0.363636364,0,0,1,0.090909091,27,10,6,4,0,18,1,1,0,0,0,0,0,13
581,com.nononsenseapps.notepad,3.5,24,49,3,0.125,7,0.291666667,0,0,2,0.083333333,37,15,4,6,2,29,1,1,0,3,0,2,0,14
582,com.harleensahni.android.mbr,3.383333333,60,167,9,0.15,17,0.283333333,2,0.033333333,23,0.383333333,116,76,32,8,1,106,1,5,0,0,2,24,0,34
585,be.ppareit.shutdown,3.210526316,19,26,0,0,3,0.157894737,2,0.105263158,3,0.157894737,18,5,3,1,0,12,1,2,0,0,0,4,0,8
589,com.morlunk.mumbleclient,3.9,10,27,1,0.1,2,0.2,0,0,3,0.3,21,13,4,0,2,12,0,3,0,0,0,2,0,4
590,com.morlunk.mumbleclient,4.566037736,53,144,6,0.113207547,14,0.264150943,2,0.037735849,19,0.358490566,103,51,22,6,6,89,1,13,2,0,1,13,1,25
591,com.morlunk.mumbleclient,4.125,16,36,2,0.125,1,0.0625,0,0,2,0.125,31,12,1,1,2,18,0,3,0,0,0,1,0,9
593,org.transdroid.lite,4,62,155,9,0.14516129,15,0.241935484,1,0.016129032,11,0.177419355,119,48,21,4,2,85,5,11,2,0,7,7,0,35
594,org.transdroid.lite,3.244186047,86,206,30,0.348837209,48,0.558139535,1,0.011627907,11,0.127906977,116,74,28,7,3,152,1,9,0,0,9,24,0,32
595,org.transdroid.lite,3.6,140,310,19,0.135714286,42,0.3,6,0.042857143,24,0.171428571,219,91,66,15,5,203,5,21,0,0,10,16,0,54
599,org.montrealtransit.android.schedule.stmbus,4.307692308,13,29,0,0,0,0,1,0.076923077,1,0.076923077,27,15,1,0,3,11,3,0,0,0,0,0,0,9
603,com.doplgangr.secrecy,3.178571429,84,234,14,0.166666667,27,0.321428571,5,0.05952381,15,0.178571429,173,70,37,9,3,144,5,16,0,10,0,11,0,55
605,org.quantumbadger.redreader,4.705882353,17,45,4,0.235294118,6,0.352941176,1,0.058823529,6,0.352941176,28,22,9,4,1,27,0,5,0,0,0,2,0,8
608,org.totschnig.myexpenses,3.878787879,66,165,15,0.227272727,10,0.151515152,4,0.060606061,13,0.196969697,123,61,28,7,1,98,5,10,0,7,1,8,1,36
609,net.nurik.roman.muzei,3.845913354,2239,4921,323,0.144260831,604,0.269763287,57,0.025457794,370,0.165252345,3567,1668,971,210,25,2522,77,270,33,0,40,315,6,1321
612,com.soyblue.bluesound,3.949152542,59,103,3,0.050847458,7,0.118644068,1,0.016949153,7,0.118644068,85,33,7,1,1,30,2,3,0,0,0,7,0,50
625,org.tint,3.78,100,249,15,0.15,23,0.23,5,0.05,19,0.19,187,46,62,7,3,139,5,5,1,2,4,16,1,70
626,com.thibaudperso.sonycamera,3.675,80,194,13,0.1625,25,0.3125,2,0.025,17,0.2125,137,56,36,8,2,115,6,7,5,0,0,16,0,46
628,com.thibaudperso.sonycamera,3.517647059,85,163,10,0.117647059,21,0.247058824,2,0.023529412,11,0.129411765,119,47,13,2,3,99,0,4,5,0,3,4,0,39
642,org.kde.necessitas.ministro,3.828125,448,572,5,0.011160714,58,0.129464286,8,0.017857143,22,0.049107143,479,93,10,6,2,142,1,7,1,0,28,31,0,350
643,org.kde.necessitas.ministro,2.785087719,456,674,12,0.026315789,145,0.317982456,24,0.052631579,19,0.041666667,474,140,18,15,1,307,3,43,3,1,32,78,1,267
646,org.odk.collect.android,4.399159664,238,368,5,0.021008403,21,0.088235294,8,0.033613445,24,0.100840336,310,100,26,10,3,158,5,2,0,2,7,18,2,137
649,org.sagemath.droid,2.878787879,33,70,6,0.181818182,16,0.484848485,2,0.060606061,2,0.060606061,44,29,9,7,1,45,1,0,0,0,0,8,0,13
650,de.onyxbits.remotekeyboard,4.307692308,13,42,0,0,3,0.230769231,0,0,2,0.153846154,37,9,4,1,1,20,0,1,2,0,0,4,0,16
651,de.onyxbits.remotekeyboard,4.371584699,183,486,27,0.147540984,31,0.169398907,23,0.12568306,39,0.213114754,366,149,50,20,5,260,9,4,3,0,1,47,0,134
652,de.onyxbits.remotekeyboard,4.344827586,29,75,6,0.206896552,3,0.103448276,5,0.172413793,1,0.034482759,60,17,7,5,1,41,3,0,0,0,0,7,0,26
653,org.sipdroid.sipua,3.275862069,29,58,3,0.103448276,10,0.344827586,0,0,6,0.206896552,39,12,6,2,0,29,4,1,0,1,1,4,0,21
654,org.sipdroid.sipua,3.322580645,31,78,4,0.129032258,14,0.451612903,1,0.032258065,2,0.064516129,57,20,10,0,1,49,2,3,0,3,1,8,1,19
655,org.sipdroid.sipua,2.80952381,42,83,1,0.023809524,17,0.404761905,2,0.047619048,4,0.095238095,59,20,13,1,1,54,0,5,1,4,0,13,0,16
657,com.willhauck.linconnectclient,4.148148148,27,92,3,0.111111111,6,0.222222222,3,0.111111111,5,0.185185185,75,20,12,3,0,55,3,2,0,1,0,13,0,22
658,com.willhauck.linconnectclient,4.043478261,23,65,2,0.086956522,6,0.260869565,1,0.043478261,6,0.260869565,50,21,5,0,1,40,0,5,2,0,0,4,0,13
661,org.yuttadhammo.tipitaka,4.857142857,70,123,4,0.057142857,6,0.085714286,0,0,10,0.142857143,103,19,6,3,0,37,2,3,0,0,1,4,0,74
678,de.ub0r.android.smsdroid,3.19047619,168,257,10,0.05952381,31,0.18452381,4,0.023809524,10,0.05952381,202,59,24,4,3,91,1,2,5,0,3,13,2,120
681,org.traccar.client,4.1,20,37,3,0.15,5,0.25,0,0,4,0.2,25,12,7,2,0,17,0,0,0,0,0,0,0,12
682,dev.ukanth.ufirewall,4.12244898,98,221,14,0.142857143,24,0.244897959,6,0.06122449,25,0.255102041,152,64,19,8,1,134,3,15,3,6,1,23,0,52
684,dev.ukanth.ufirewall,3.945054945,91,215,10,0.10989011,35,0.384615385,8,0.087912088,12,0.131868132,150,68,14,4,2,108,3,20,3,6,2,22,3,61
689,uk.org.ngo.squeezer,4.224489796,294,738,56,0.19047619,63,0.214285714,11,0.037414966,68,0.231292517,540,247,93,29,26,423,42,34,2,1,8,48,1,172
692,de.jurihock.voicesmith,3.806451613,31,71,10,0.322580645,4,0.129032258,2,0.064516129,3,0.096774194,52,12,5,3,0,40,3,1,0,0,1,1,0,21
706,com.axelby.podax,3.6,10,24,2,0.2,5,0.5,0,0,2,0.2,15,13,5,2,0,14,0,2,1,0,1,1,0,3
708,com.axelby.podax,2.3,10,22,1,0.1,4,0.4,0,0,3,0.3,14,9,2,1,0,16,0,4,0,0,3,2,0,3
711,net.momodalo.app.vimtouch,3.626506024,166,453,14,0.084337349,66,0.397590361,10,0.060240964,37,0.222891566,326,116,62,10,2,275,14,21,0,0,0,72,0,102
715,com.gulshansingh.hackerlivewallpaper,4.426966292,89,125,7,0.078651685,10,0.112359551,1,0.011235955,8,0.08988764,99,43,17,5,2,51,2,0,1,2,1,6,0,48
721,com.jforce.chapelhillnextbus,3.615384615,13,29,3,0.230769231,0,0,0,0,3,0.230769231,23,9,8,2,0,12,2,2,0,0,0,0,0,5
724,com.googlecode.gtalksms,3.818181818,11,31,1,0.090909091,1,0.090909091,0,0,2,0.181818182,27,6,1,2,0,11,0,2,0,0,0,7,0,14
729,com.duckduckgo.mobile.android,4.171428571,245,504,22,0.089795918,28,0.114285714,11,0.044897959,25,0.102040816,418,125,61,30,3,242,15,9,1,17,5,17,0,170
730,com.duckduckgo.mobile.android,4.160550459,436,783,35,0.080275229,49,0.112385321,13,0.029816514,48,0.110091743,638,205,99,35,6,425,25,7,3,30,11,18,0,242
731,ru.meefik.busybox,4.338345865,133,301,9,0.067669173,10,0.07518797,5,0.037593985,5,0.037593985,272,40,3,1,4,57,3,3,0,0,2,13,0,214
734,com.totsp.crossword.shortyz,3.802907916,1238,3555,120,0.096930533,407,0.328756058,55,0.044426494,373,0.301292407,2600,1314,579,145,75,1864,59,387,1,5,173,212,1,752
735,com.tmarki.comicmaker,3.87422286,2091,3185,108,0.051649928,388,0.18555715,52,0.024868484,166,0.079387853,2471,1031,302,100,9,1324,24,63,2,1,59,79,1,1215
739,me.bpear.archonpackager,4.285714286,63,125,6,0.095238095,13,0.206349206,2,0.031746032,6,0.095238095,98,44,7,2,0,69,2,2,0,0,2,18,1,43
750,com.vuze.android.remote,4.463855422,166,280,17,0.102409639,14,0.084337349,1,0.006024096,13,0.078313253,235,87,14,8,2,131,5,3,5,0,31,15,1,93
751,com.vuze.android.remote,4.358490566,53,98,7,0.132075472,8,0.150943396,2,0.037735849,5,0.094339623,76,31,8,4,0,54,2,2,0,0,7,7,0,24
752,com.ringdroid,4.03877551,490,815,18,0.036734694,69,0.140816327,11,0.02244898,47,0.095918367,670,284,28,42,3,346,4,36,2,0,16,39,9,297
753,com.ringdroid,3.342465753,73,125,2,0.02739726,20,0.273972603,1,0.01369863,8,0.109589041,94,37,2,14,2,63,3,9,0,0,7,7,0,35
754,com.ringdroid,3.724390244,1640,2905,58,0.035365854,287,0.175,49,0.029878049,161,0.098170732,2350,1014,124,235,19,1414,34,115,3,0,72,176,24,935
757,com.mill,3.819444444,72,145,9,0.125,19,0.263888889,2,0.027777778,15,0.208333333,100,45,26,6,3,71,6,5,1,7,5,8,0,41
758,com.code61.deadpixel,3.647058824,17,23,0,0,1,0.058823529,1,0.058823529,2,0.117647059,19,7,3,0,0,13,0,0,0,0,0,1,0,6
762,com.hectorone.multismssender,3.181818182,22,48,3,0.136363636,2,0.090909091,1,0.045454545,3,0.136363636,39,9,2,3,1,19,1,1,0,0,0,3,3,21
771,com.gpl.rpg.AndorsTrail,4.111531191,1058,2735,171,0.161625709,167,0.157844991,39,0.036862004,297,0.280718336,2061,480,191,122,55,1042,57,326,4,0,27,75,7,1125
780,com.frostwire.android,3.932333371,8867,12395,351,0.039584978,1092,0.123153265,119,0.013420548,695,0.078380512,10138,4057,719,1943,212,4873,185,364,49,1,1634,251,6,3954
783,org.tasks,4.051724138,58,143,11,0.189655172,12,0.206896552,4,0.068965517,17,0.293103448,99,38,29,12,4,67,3,6,0,1,0,6,0,40
784,org.developfreedom.wordpowermadeeasy,4.032258065,31,46,2,0.064516129,1,0.032258065,0,0,1,0.032258065,42,13,1,1,0,9,0,0,0,0,1,0,0,26
789,com.google.android.apps.authenticator2,3.584005376,2976,5214,354,0.118951613,494,0.165994624,157,0.052755376,351,0.117943548,3858,1194,403,180,10,2704,103,211,6,489,36,446,20,1815
795,com.vrem.wifianalyzer,4.47826087,23,50,4,0.173913043,2,0.086956522,2,0.086956522,5,0.217391304,37,14,8,3,3,27,2,2,0,0,0,2,0,13
796,com.vrem.wifianalyzer,4.35483871,31,65,5,0.161290323,2,0.064516129,2,0.064516129,6,0.193548387,50,18,16,8,1,36,1,1,4,0,0,1,0,16
797,com.vrem.wifianalyzer,4.475949367,395,742,38,0.096202532,22,0.055696203,11,0.027848101,53,0.134177215,618,175,101,60,23,333,14,14,64,1,5,29,2,252
799,com.shatteredpixel.shatteredpixeldungeon,4.596491228,114,310,20,0.175438596,14,0.122807018,5,0.043859649,45,0.394736842,226,63,24,15,6,126,17,52,0,0,0,9,1,103
800,com.shatteredpixel.shatteredpixeldungeon,4.444444444,54,147,6,0.111111111,14,0.259259259,0,0,26,0.481481481,101,30,14,4,0,64,4,11,0,0,0,8,0,50
801,com.shatteredpixel.shatteredpixeldungeon,4.35483871,62,170,11,0.177419355,12,0.193548387,1,0.016129032,18,0.290322581,128,40,8,5,0,67,9,16,0,0,1,4,0,67
805,com.darshancomputing.BatteryIndicator,4.377358491,53,90,4,0.075471698,6,0.113207547,0,0,8,0.150943396,72,30,20,5,0,44,2,5,0,0,0,8,0,30
807,com.darshancomputing.BatteryIndicator,4.21875,96,149,7,0.072916667,9,0.09375,0,0,15,0.15625,118,42,14,5,0,57,6,6,2,0,1,15,0,54
809,com.MarcosDiez.shareviahttp,4.3,10,21,2,0.2,2,0.2,0,0,1,0.1,16,7,0,0,1,12,1,0,0,0,0,1,0,6
811,com.MarcosDiez.shareviahttp,4.761904762,21,38,0,0,3,0.142857143,0,0,3,0.142857143,32,12,2,1,0,14,1,0,0,0,0,1,0,17
815,com.ghostsq.commander.sftp,4.55,20,33,0,0,3,0.15,1,0.05,6,0.3,23,6,3,0,2,14,1,0,0,0,0,0,0,14
832,com.owncloud.android,3.083333333,24,61,6,0.25,16,0.666666667,0,0,6,0.25,33,23,5,2,0,49,2,2,3,0,4,5,1,9
833,com.owncloud.android,2.517241379,29,61,2,0.068965517,14,0.482758621,2,0.068965517,4,0.137931034,39,15,8,1,3,42,2,13,1,3,0,3,0,9
834,com.owncloud.android,2.571428571,21,48,1,0.047619048,9,0.428571429,1,0.047619048,2,0.095238095,35,12,4,1,1,32,0,6,0,0,1,2,0,11
841,de.danoeh.antennapod,4.694029851,268,577,19,0.070895522,38,0.141791045,0,0,38,0.141791045,482,192,73,12,39,345,14,20,4,3,25,21,3,118
842,de.danoeh.antennapod,4.8,10,22,2,0.2,0,0,0,0,2,0.2,18,5,4,0,1,12,0,0,0,0,2,0,0,7
843,de.danoeh.antennapod,4.680701754,570,1172,45,0.078947368,44,0.077192982,10,0.01754386,98,0.171929825,975,396,149,31,80,663,34,25,6,0,57,59,0,260
845,mazechazer.android.wottankquiz,3.538461538,13,22,2,0.153846154,2,0.153846154,0,0,2,0.153846154,16,5,7,1,0,9,0,2,0,0,0,1,0,6
846,com.github.wdkapps.fillup,4.09478673,211,597,48,0.227488152,33,0.156398104,14,0.066350711,52,0.246445498,450,190,74,32,14,332,10,16,0,1,3,31,1,156
852,damo.three.ie,4.875,16,35,2,0.125,3,0.1875,0,0,0,0,30,14,6,2,0,16,1,2,0,0,0,1,0,10
856,teaonly.droideye,3.41509434,53,90,3,0.056603774,10,0.188679245,3,0.056603774,4,0.075471698,70,21,2,3,1,32,0,3,5,0,0,6,0,40
857,teaonly.droideye,2.844444444,90,129,4,0.044444444,14,0.155555556,5,0.055555556,3,0.033333333,103,33,12,1,2,52,4,3,7,0,1,7,0,49
863,com.achep.acdisplay,3.520774506,2479,5548,546,0.220250101,688,0.277531263,110,0.044372731,396,0.159741831,3808,1701,1158,199,14,3047,146,412,6,20,30,492,5,1390
866,com.eleybourn.bookcatalogue,4.131707317,615,1975,184,0.299186992,150,0.243902439,33,0.053658537,229,0.372357724,1379,721,315,113,15,1142,37,61,6,3,24,94,1,426
867,eu.mrogalski.saidit,3.519230769,52,62,1,0.019230769,5,0.096153846,0,0,3,0.057692308,53,21,3,1,0,19,1,0,0,0,1,1,0,27
872,com.angrydoughnuts.android.alarmclock,3.895652174,115,324,16,0.139130435,41,0.356521739,3,0.026086957,23,0.2,241,91,32,17,5,182,5,18,0,1,4,17,1,94
873,com.angrydoughnuts.android.alarmclock,2.353846154,65,294,6,0.092307692,40,0.615384615,9,0.138461538,34,0.523076923,205,86,38,12,1,178,9,46,0,0,3,9,0,67
886,com.xargsgrep.portknocker,4.2,10,16,2,0.2,0,0,0,0,0,0,14,0,2,0,1,10,0,0,1,0,0,1,0,4
888,com.nilhcem.hostseditor,3.330737517,2183,2863,111,0.050847458,382,0.174988548,229,0.104901512,148,0.06779661,1993,813,79,65,10,1233,6,30,4,12,98,152,1,1133
890,com.jadn.cc,4.409090909,22,65,1,0.045454545,6,0.272727273,0,0,6,0.272727273,52,22,8,3,1,35,1,3,1,0,4,3,0,13
891,com.jadn.cc,4.3125,32,85,7,0.21875,3,0.09375,2,0.0625,7,0.21875,66,20,13,6,2,44,3,7,2,0,9,7,0,23
900,org.jsl.wfwt,3.88,25,35,0,0,2,0.08,0,0,2,0.08,31,9,3,0,1,17,0,1,1,0,0,2,0,12
901,org.npr.android.news,3.027826087,1725,4379,210,0.12173913,563,0.326376812,84,0.048695652,400,0.231884058,3122,1494,532,308,13,2469,100,348,58,8,37,292,3,1035
907,com.brapeba.roaminginfo,4,14,26,1,0.071428571,2,0.142857143,0,0,4,0.285714286,19,5,8,0,0,12,0,1,0,0,0,3,0,10
912,com.gmail.jerickson314.sdscanner,3.796610169,177,370,10,0.056497175,30,0.169491525,7,0.039548023,17,0.096045198,306,74,33,11,2,168,1,11,9,0,6,28,1,150
916,com.olam,4.392504931,507,769,33,0.065088757,19,0.037475345,0,0,28,0.055226824,689,200,29,8,2,190,13,25,1,0,3,10,5,405
919,de.ub0r.android.smsdroid,3.155172414,58,101,4,0.068965517,14,0.24137931,3,0.051724138,8,0.137931034,72,26,7,0,1,53,2,4,1,1,0,4,2,35
922,org.ppsspp.ppsspp,4.166103776,9771,12570,248,0.02538123,1059,0.108381947,472,0.048306212,644,0.065909324,10147,2641,491,257,61,3887,199,271,43,1,684,601,27,6149
924,com.catchingnow.tinyclipboardmanager,4.76,25,65,5,0.2,0,0,0,0,5,0.2,55,15,7,3,2,25,0,0,0,0,0,5,0,28
925,com.catchingnow.tinyclipboardmanager,4.571428571,28,78,4,0.142857143,7,0.25,0,0,2,0.071428571,65,19,6,3,1,33,1,4,0,0,2,0,0,29
926,com.catchingnow.tinyclipboardmanager,4.413333333,600,1291,74,0.123333333,66,0.11,18,0.03,101,0.168333333,1032,405,148,45,13,591,29,29,6,4,7,68,3,436
929,com.zaren,4.264705882,34,74,4,0.117647059,9,0.264705882,2,0.058823529,8,0.235294118,51,21,9,3,4,44,0,2,2,0,0,6,0,21
931,ru.gelin.android.weather.notification,3.444444444,18,44,2,0.111111111,3,0.166666667,0,0,4,0.222222222,35,8,14,4,1,21,0,4,0,0,0,1,0,14
933,ru.gelin.android.weather.notification,2.875,24,47,1,0.041666667,3,0.125,1,0.041666667,7,0.291666667,35,16,9,0,0,20,0,3,0,1,1,1,0,14
939,org.kost.nmap.android.networkmapper,2.8,25,54,4,0.16,7,0.28,0,0,2,0.08,41,8,5,2,0,32,2,1,2,0,2,4,1,13
945,org.wikipedia,4.441734417,369,483,17,0.046070461,18,0.048780488,6,0.016260163,20,0.054200542,422,168,36,56,3,149,14,13,1,1,2,7,0,185
946,org.wikipedia,4.481481481,216,316,6,0.027777778,7,0.032407407,4,0.018518519,20,0.092592593,279,109,18,30,2,75,11,5,1,1,4,1,2,137
947,org.wikipedia,4.53865285,4825,6422,160,0.033160622,233,0.048290155,64,0.013264249,233,0.048290155,5732,1985,499,491,24,1722,138,166,9,29,56,126,13,2898
957,trikita.slide,4.772727273,22,35,2,0.090909091,0,0,1,0.045454545,1,0.045454545,31,10,1,0,0,13,1,0,0,0,0,1,0,18
958,fr.simon.marquis.secretcodes,3.024390244,41,63,3,0.073170732,4,0.097560976,2,0.048780488,2,0.048780488,52,13,2,3,0,18,0,0,0,0,2,7,0,33
962,org.geometerplus.zlibrary.ui.android,4.326704545,352,771,33,0.09375,55,0.15625,9,0.025568182,49,0.139204545,625,221,89,20,18,348,30,28,1,1,14,43,1,237
963,org.geometerplus.zlibrary.ui.android,3.840885685,1942,3830,160,0.082389289,316,0.162718847,62,0.03192585,290,0.149330587,3002,1013,521,99,92,1721,79,172,4,3,74,175,4,1285
974,com.easytarget.micopi,3.533333333,60,123,7,0.116666667,7,0.116666667,2,0.033333333,11,0.183333333,96,35,23,4,0,55,1,5,0,0,2,4,18,42
975,com.easytarget.micopi,3.583333333,12,32,2,0.166666667,1,0.083333333,1,0.083333333,5,0.416666667,23,10,8,1,0,18,1,3,0,0,0,0,7,7
976,com.easytarget.micopi,3.484444444,225,378,13,0.057777778,24,0.106666667,15,0.066666667,37,0.164444444,289,87,90,13,1,170,10,27,0,6,2,9,63,122
979,com.googlecode.networklog,3.805555556,36,81,7,0.194444444,10,0.277777778,3,0.083333333,4,0.111111111,57,27,9,7,1,47,2,0,0,0,1,10,0,20
982,de.measite.contactmerger,2.692307692,13,25,1,0.076923077,2,0.153846154,1,0.076923077,1,0.076923077,20,5,4,2,0,9,0,0,0,1,0,1,6,9
985,com.simplemobiletools.calendar,4.316,250,623,42,0.168,41,0.164,10,0.04,37,0.148,493,157,80,11,9,293,18,19,0,5,7,23,1,217
991,com.simplemobiletools.musicplayer,4.05,80,206,16,0.2,14,0.175,1,0.0125,23,0.2875,152,49,35,19,1,104,6,8,0,1,0,2,0,65
1002,com.bri1.soundbored,3.291666667,24,45,3,0.125,2,0.083333333,1,0.041666667,5,0.208333333,34,14,4,1,1,19,0,3,0,0,1,1,1,17
1010,com.android.keepass,3.737704918,122,266,20,0.163934426,26,0.213114754,4,0.032786885,21,0.172131148,195,79,20,10,4,166,7,14,2,4,0,31,1,62
1011,com.android.keepass,4.615384615,39,101,2,0.051282051,6,0.153846154,1,0.025641026,5,0.128205128,87,23,9,2,1,59,4,6,0,0,0,12,0,26
1012,com.android.keepass,4.020050125,399,904,54,0.135338346,112,0.280701754,10,0.025062657,64,0.160401003,664,270,86,45,11,571,16,80,7,7,4,103,0,185
1013,com.dougkeen.bart,4.339869281,153,339,33,0.215686275,14,0.091503268,0,0,28,0.183006536,264,114,38,19,2,172,8,17,1,0,1,13,1,98
1014,com.dougkeen.bart,4.24,100,272,13,0.13,16,0.16,3,0.03,29,0.29,211,95,39,17,1,148,6,10,0,0,0,6,1,71
1022,ru.gelin.android.browser.open,3.927710843,83,172,8,0.096385542,12,0.144578313,3,0.036144578,14,0.168674699,135,43,20,6,16,77,1,6,0,0,2,9,0,60
1034,au.com.wallaceit.reddinator,4.518518519,27,52,0,0,3,0.111111111,3,0.111111111,3,0.111111111,43,18,7,3,1,21,3,2,1,1,1,1,0,17
1042,us.shandian.giga,3.71875,32,54,6,0.1875,4,0.125,0,0,4,0.125,40,19,7,4,1,36,1,1,0,0,18,1,1,5
1043,de.mangelow.network,3.610271903,331,542,14,0.042296073,85,0.256797583,5,0.01510574,19,0.057401813,419,148,37,20,0,268,4,16,2,0,3,70,0,194
1045,org.scummvm.scummvm,3.821362799,543,1293,50,0.092081031,219,0.403314917,30,0.055248619,99,0.182320442,895,288,199,68,10,740,18,90,5,2,17,183,2,342
1046,ch.blinkenlights.battery,4.099173554,242,459,18,0.074380165,26,0.107438017,7,0.02892562,30,0.123966942,378,121,73,15,2,187,4,44,1,0,5,22,1,165
1051,org.tamanegi.atmosphere,3.5625,16,37,3,0.1875,4,0.25,1,0.0625,1,0.0625,28,5,6,0,0,16,1,0,0,0,0,1,0,16
1054,com.llamacorp.equate,5,19,37,3,0.157894737,1,0.052631579,0,0,2,0.105263158,31,12,3,1,3,18,1,0,0,0,1,2,0,9
1055,org.libreoffice.impressremote,4.78,50,111,6,0.12,5,0.1,1,0.02,10,0.2,89,32,11,5,1,59,4,0,3,0,1,3,0,32
1057,org.libreoffice.impressremote,4.16,25,88,4,0.16,17,0.68,2,0.08,1,0.04,64,19,10,4,0,60,4,2,3,0,0,10,0,13
1061,com.mattgmg.miracastwidget,2.560460653,521,857,16,0.030710173,204,0.391554702,22,0.042226488,50,0.09596929,565,238,86,44,2,522,12,42,15,0,12,162,0,193
1063,com.manor.currentwidget,2.904929577,284,590,30,0.105633803,124,0.436619718,9,0.031690141,40,0.14084507,387,129,146,38,0,363,7,22,0,0,6,93,1,145
1064,com.manor.currentwidget,2.471861472,231,408,12,0.051948052,110,0.476190476,11,0.047619048,19,0.082251082,256,84,105,32,1,254,6,25,0,0,2,72,0,93
1066,org.helllabs.android.xmp,4.647058824,34,83,6,0.176470588,3,0.088235294,3,0.088235294,7,0.205882353,64,15,12,8,1,52,1,2,0,0,0,10,0,18
1067,org.helllabs.android.xmp,4.747474747,99,265,17,0.171717172,16,0.161616162,0,0,22,0.222222222,210,60,37,10,1,119,14,7,3,0,4,17,1,93
1073,de.azapps.mirakelandroid,3,16,34,2,0.125,10,0.625,1,0.0625,2,0.125,19,16,4,3,1,21,0,3,0,0,0,2,0,5
1074,org.kde.kdeconnect,4.684210526,19,37,0,0,2,0.105263158,0,0,1,0.052631579,34,7,2,1,0,19,1,0,0,0,0,4,0,14
1075,org.kde.kdeconnect,4.578947368,38,87,1,0.026315789,9,0.236842105,3,0.078947368,3,0.078947368,71,25,6,5,0,41,1,3,4,0,0,11,0,31
1076,org.kde.kdeconnect,4.719242902,317,606,33,0.104100946,38,0.119873817,1,0.003154574,29,0.09148265,505,184,54,15,4,310,13,14,9,1,2,65,7,173
1078,com.banasiak.coinflip,4.272727273,11,27,0,0,2,0.181818182,0,0,1,0.090909091,24,12,3,1,0,14,0,1,0,0,0,0,0,8
1079,com.banasiak.coinflip,4.1875,112,223,10,0.089285714,14,0.125,2,0.017857143,18,0.160714286,179,72,23,6,2,103,2,8,0,1,0,6,0,80
1080,org.smssecure.smssecure,3.888888889,18,41,1,0.055555556,6,0.333333333,0,0,7,0.388888889,27,22,1,1,1,20,1,2,0,0,0,1,0,10
1082,org.smssecure.smssecure,4.314814815,54,100,6,0.111111111,11,0.203703704,2,0.037037037,11,0.203703704,70,35,8,0,0,49,3,4,0,1,0,7,1,23
1084,org.smssecure.smssecure,4.260869565,23,41,2,0.086956522,3,0.130434783,0,0,4,0.173913043,32,13,3,0,0,18,1,1,1,0,0,1,0,13
1086,org.smssecure.smssecure,4.017391304,115,269,21,0.182608696,29,0.252173913,4,0.034782609,22,0.191304348,193,93,32,14,1,148,19,7,1,7,1,10,6,77
1088,net.androgames.level,4.601398601,2717,4121,127,0.046742731,106,0.039013618,22,0.008097166,168,0.061832904,3698,1145,291,112,58,1638,41,55,2,5,25,186,4,1672
1099,org.scoutant.cc,4.414634146,205,347,11,0.053658537,15,0.073170732,6,0.029268293,28,0.136585366,287,119,16,17,3,103,9,8,8,0,3,2,1,131
1100,com.nkanaev.comics,4.019607843,51,102,3,0.058823529,9,0.176470588,0,0,8,0.156862745,82,20,16,1,4,52,3,0,0,0,2,2,0,36
1107,ch.corten.aha.worldclock,4,19,27,0,0,0,0,0,0,4,0.210526316,23,3,5,3,0,11,1,3,0,0,0,0,0,12
1108,org.cyanogenmod.great.freedom,4.201834862,109,183,9,0.082568807,8,0.073394495,4,0.036697248,13,0.119266055,149,31,43,5,7,75,5,7,1,0,1,6,0,75
1109,com.tobykurien.batteryfu,4.333333333,12,25,2,0.166666667,0,0,0,0,1,0.083333333,22,7,2,0,0,12,0,0,0,0,0,2,0,9
1118,com.frozendevs.periodictable,4.484848485,33,60,3,0.090909091,3,0.090909091,0,0,3,0.090909091,51,16,7,6,1,23,2,0,1,0,0,0,0,22
1125,org.tomdroid,3.818181818,33,94,5,0.151515152,5,0.151515152,3,0.090909091,9,0.272727273,72,19,10,19,0,52,4,5,0,0,0,5,0,24
1126,com.boardgamegeek,4.052631579,19,54,11,0.578947368,3,0.157894737,2,0.105263158,1,0.052631579,37,13,12,7,0,33,0,4,0,0,0,1,0,12
1127,com.boardgamegeek,3.4,15,37,5,0.333333333,2,0.133333333,0,0,3,0.2,27,15,7,3,0,29,2,3,0,1,0,1,0,3
1128,com.boardgamegeek,3.496323529,272,638,92,0.338235294,72,0.264705882,7,0.025735294,45,0.165441176,422,259,130,56,3,427,34,56,3,6,2,27,2,93
1129,org.sufficientlysecure.keychain,3.5,12,27,0,0,6,0.5,0,0,2,0.166666667,19,5,5,0,0,18,0,1,0,0,0,1,0,9
1131,org.sufficientlysecure.keychain,3.49382716,81,179,8,0.098765432,26,0.320987654,6,0.074074074,13,0.160493827,126,40,17,10,2,105,1,6,0,2,1,11,2,51
1134,org.xbmc.kore,3.900343643,291,635,52,0.178694158,46,0.158075601,9,0.030927835,41,0.140893471,487,152,96,28,5,366,24,23,1,1,1,41,3,191
1135,org.xbmc.kore,3.870279146,609,1241,106,0.174055829,133,0.218390805,22,0.036124795,88,0.144499179,892,344,177,60,4,750,38,52,6,4,7,72,4,315
1136,org.xbmc.kore,3.6825,400,782,56,0.14,102,0.255,13,0.0325,33,0.0825,578,201,106,22,6,457,15,37,1,0,0,61,1,201
1140,jp.takke.cpustats,4.806451613,31,63,1,0.032258065,3,0.096774194,0,0,4,0.129032258,55,19,12,2,0,31,1,2,0,0,0,6,0,26
1141,jp.takke.cpustats,4.566666667,90,187,15,0.166666667,7,0.077777778,1,0.011111111,15,0.166666667,149,50,41,5,0,106,4,12,1,0,0,13,2,47
1144,com.jonglen7.jugglinglab,4.708333333,24,74,2,0.083333333,2,0.083333333,0,0,5,0.208333333,65,18,11,3,1,25,1,0,0,1,1,2,2,31
1145,com.dynamicg.homebuttonlauncher,4.465,200,445,21,0.105,30,0.15,7,0.035,40,0.2,347,143,88,10,0,252,13,7,5,1,5,35,0,118
1146,rs.pedjaapps.alogcatroot.app,3.470588235,17,27,0,0,5,0.294117647,0,0,0,0,22,3,4,0,0,12,1,0,0,0,0,2,0,12
1150,net.kismetwireless.android.smarterwifimanager,3.6,15,41,4,0.266666667,6,0.4,0,0,3,0.2,28,14,3,1,0,31,0,1,8,0,0,7,0,3
1167,com.pilot51.voicenotify,4.21875,32,98,12,0.375,5,0.15625,2,0.0625,9,0.28125,70,29,7,3,1,63,1,6,0,2,1,8,1,24
1168,com.pilot51.voicenotify,4.1,260,537,29,0.111538462,48,0.184615385,6,0.023076923,35,0.134615385,419,186,36,13,3,269,6,23,2,4,6,38,1,168
1171,de.kugihan.dictionaryformids.hmi,5,13,21,0,0,0,0,0,0,0,0,21,8,0,0,1,3,0,0,0,0,0,2,0,9
1175,org.petero.droidfish,4.510769231,325,670,30,0.092307692,35,0.107692308,7,0.021538462,60,0.184615385,538,160,73,22,22,259,22,27,3,1,4,41,0,270
1176,org.petero.droidfish,4.625,80,144,4,0.05,6,0.075,1,0.0125,11,0.1375,122,44,8,5,2,51,8,3,0,0,2,7,0,58
1177,org.petero.droidfish,4.802325581,86,209,9,0.104651163,6,0.069767442,7,0.081395349,16,0.186046512,171,52,13,9,6,50,3,4,0,0,2,5,0,120
1180,com.andybotting.tramhunter,4.174603175,63,136,12,0.19047619,5,0.079365079,1,0.015873016,10,0.158730159,108,49,18,4,1,74,15,9,0,0,0,4,0,34
1181,com.lgallardo.qbittorrentclientpro,4.266666667,45,149,14,0.311111111,18,0.4,3,0.066666667,17,0.377777778,97,43,19,6,4,96,5,17,0,2,4,5,0,29
1184,org.mozilla.mozstumbler,3.4375,16,26,0,0,6,0.375,1,0.0625,1,0.0625,18,10,3,5,0,13,0,3,1,0,0,1,0,7
1185,org.mozilla.mozstumbler,3.695652174,23,60,2,0.086956522,4,0.173913043,0,0,2,0.086956522,52,14,12,6,0,39,3,5,1,1,0,8,0,9
1187,me.tsukanov.counter,4.555555556,18,37,2,0.111111111,1,0.055555556,0,0,4,0.222222222,30,10,4,0,0,18,0,0,0,0,0,0,0,13
1188,me.tsukanov.counter,4.631578947,57,108,8,0.140350877,4,0.070175439,0,0,14,0.245614035,82,27,11,3,0,39,5,0,0,0,3,2,0,48
1198,com.easwareapps.g2l,4.416666667,12,18,0,0,2,0.166666667,2,0.166666667,1,0.083333333,13,6,0,0,0,6,0,1,0,0,1,0,0,9
1199,org.fedorahosted.freeotp,4.5,18,36,6,0.333333333,1,0.055555556,1,0.055555556,4,0.222222222,24,13,6,2,2,27,3,0,0,2,0,2,0,3
1200,org.fedorahosted.freeotp,4.112676056,71,146,19,0.267605634,12,0.169014085,3,0.042253521,10,0.14084507,102,41,22,7,3,98,6,3,2,0,0,11,2,28
1201,org.fedorahosted.freeotp,4.197802198,91,189,28,0.307692308,15,0.164835165,3,0.032967033,12,0.131868132,131,55,20,10,1,132,3,6,0,8,0,20,0,42
1202,com.artifex.mupdfdemo,4.254545455,55,127,9,0.163636364,12,0.218181818,2,0.036363636,4,0.072727273,100,21,33,1,2,83,5,1,1,0,0,6,0,28
1203,org.openintents.filemanager,4.227504244,1178,1859,50,0.042444822,102,0.086587436,12,0.010186757,101,0.08573854,1594,368,160,36,33,847,30,45,19,3,26,101,4,736
1204,net.sf.times,4.9,10,33,0,0,3,0.3,0,0,1,0.1,29,8,2,0,0,15,1,0,0,0,0,0,0,13
1205,net.sf.times,4.666666667,15,36,0,0,1,0.066666667,1,0.066666667,3,0.2,31,10,7,0,0,12,2,0,0,0,0,0,0,16
1206,net.sf.times,4.28125,32,71,6,0.1875,7,0.21875,2,0.0625,2,0.0625,54,17,8,1,0,38,1,0,0,0,0,3,0,22
1209,com.dngames.mobilewebcam,4.261538462,65,166,11,0.169230769,16,0.246153846,5,0.076923077,12,0.184615385,122,47,19,6,8,88,1,7,1,0,1,21,0,42
1218,in.shick.diode,4.25,12,30,1,0.083333333,2,0.166666667,1,0.083333333,1,0.083333333,25,9,7,1,1,16,0,2,0,1,0,1,0,9
1219,in.shick.diode,3.454545455,11,23,0,0,3,0.272727273,0,0,3,0.272727273,17,10,6,1,0,15,0,0,0,0,0,0,0,3
1220,org.openintents.notepad,3.836065574,61,174,9,0.147540984,19,0.31147541,3,0.049180328,9,0.147540984,134,65,10,26,1,96,2,10,0,0,1,8,1,43
1224,com.google.android.marvin.talkback,3.591904701,7807,9901,204,0.026130396,551,0.070577687,188,0.024080953,370,0.047393365,8588,2449,407,280,40,2764,105,559,34,13,75,680,8,5176
1230,com.google.android.gms,4.021683489,103535,115751,1517,0.01465205,4010,0.038730864,1017,0.009822765,2588,0.024996378,106619,22626,1638,1759,181,20207,1044,6534,861,305,1859,3377,121,72886
1233,com.eolwral.osmonitor,4.506756757,148,295,10,0.067567568,14,0.094594595,4,0.027027027,17,0.114864865,250,83,36,33,2,133,3,12,2,0,1,33,0,105
1234,com.eolwral.osmonitor,4.356060606,132,299,19,0.143939394,18,0.136363636,4,0.03030303,20,0.151515152,238,107,50,25,6,150,8,15,5,0,0,37,1,74
1235,com.eolwral.osmonitor,4.254098361,122,285,12,0.098360656,13,0.106557377,3,0.024590164,14,0.114754098,243,97,65,20,4,129,6,7,3,1,0,36,0,91
1238,de.saschahlusiak.freebloks,4.717948718,117,200,4,0.034188034,7,0.05982906,3,0.025641026,19,0.162393162,167,61,18,17,3,85,5,4,0,0,0,8,1,61
1240,net.lardcave.keepassnfc,3.615384615,13,28,2,0.153846154,4,0.307692308,2,0.153846154,2,0.153846154,18,8,1,0,0,13,0,1,0,0,0,1,0,11
1242,com.commit451.gitlab,4.4,10,23,1,0.1,6,0.6,0,0,1,0.1,15,6,1,0,0,13,0,0,0,0,0,0,0,8
1243,com.commit451.gitlab,4.154761905,84,142,14,0.166666667,15,0.178571429,2,0.023809524,11,0.130952381,100,50,28,3,0,74,5,4,1,2,0,4,0,41
1255,com.reicast.emulator,3.111629881,2356,5324,240,0.101867572,1195,0.50721562,152,0.064516129,354,0.150254669,3383,997,608,277,46,3326,74,345,29,1,108,403,6,1395
1258,com.sam.hex,3.573770492,61,122,3,0.049180328,10,0.163934426,3,0.049180328,15,0.245901639,91,22,9,10,1,52,1,2,0,0,1,0,0,51
1259,org.happysanta.gd,4.571428571,21,33,0,0,0,0,0,0,3,0.142857143,30,2,3,0,0,5,0,1,3,0,0,4,0,19
1260,com.mridang.wifiinfo,2.925925926,27,58,6,0.222222222,5,0.185185185,1,0.037037037,2,0.074074074,44,7,12,4,3,36,2,4,6,0,0,1,0,17
1267,org.sufficientlysecure.localcalendar,3.75,12,29,0,0,3,0.25,2,0.166666667,4,0.333333333,20,6,3,4,0,12,0,1,0,0,1,1,1,13
1268,org.sufficientlysecure.localcalendar,4.333333333,15,34,4,0.266666667,1,0.066666667,1,0.066666667,2,0.133333333,26,7,1,3,1,20,0,1,0,2,0,2,0,10
1289,com.mendhak.gpslogger,4.006849315,292,738,31,0.106164384,61,0.20890411,10,0.034246575,66,0.226027397,570,212,131,38,2,464,14,29,6,3,1,35,1,167
1290,com.oakley.fon,2.375,16,23,1,0.0625,8,0.5,0,0,1,0.0625,13,8,1,5,0,13,1,8,2,0,2,5,0,6
1291,com.oakley.fon,2,22,43,1,0.045454545,3,0.136363636,0,0,6,0.272727273,33,16,4,1,0,23,0,7,8,1,1,2,0,10
1292,com.oakley.fon,2.171428571,35,62,3,0.085714286,15,0.428571429,2,0.057142857,6,0.171428571,36,17,4,3,0,35,1,7,4,2,1,4,0,17
1293,com.javiersantos.mlmanager,4.486486486,74,167,10,0.135135135,9,0.121621622,3,0.040540541,13,0.175675676,132,66,16,1,1,73,2,11,1,0,1,11,0,55
1297,app.openconnect,4.535714286,56,84,6,0.107142857,3,0.053571429,1,0.017857143,10,0.178571429,64,21,4,2,1,42,10,0,0,0,1,8,0,29
1298,app.openconnect,4.423423423,111,164,4,0.036036036,9,0.081081081,3,0.027027027,10,0.09009009,138,33,7,3,0,73,6,3,1,2,0,13,1,67
1300,com.powerpoint45.lucidbrowser,3.887323944,71,201,12,0.169014085,13,0.183098592,4,0.056338028,20,0.281690141,152,38,37,3,2,110,4,11,1,0,4,12,0,58
1304,com.emmaguy.cleanstatusbar,3.7734375,256,426,30,0.1171875,31,0.12109375,5,0.01953125,24,0.09375,336,113,57,19,0,180,5,15,6,0,2,14,2,173
1305,net.iowaline.dotdash,4.058823529,17,52,8,0.470588235,4,0.235294118,0,0,9,0.529411765,31,14,10,2,1,33,1,1,0,0,0,4,0,10
1307,net.wigle.wigleandroid,4.04,75,157,12,0.16,13,0.173333333,4,0.053333333,10,0.133333333,118,50,18,13,0,82,4,10,15,1,1,7,0,42
1308,net.wigle.wigleandroid,3.859375,64,148,10,0.15625,10,0.15625,6,0.09375,8,0.125,114,53,19,7,1,76,3,16,7,0,0,15,0,34
1311,biz.gyrus.yaab,4.080291971,137,327,17,0.124087591,24,0.175182482,5,0.03649635,38,0.277372263,243,91,44,9,7,157,14,4,3,1,0,14,0,111
1314,apps.droidnotify,3.849315068,73,143,9,0.123287671,8,0.109589041,1,0.01369863,8,0.109589041,117,36,6,8,1,62,1,8,1,0,2,5,0,59
1316,jp.sfjp.webglmol.NDKmol,4.142857143,21,40,5,0.238095238,5,0.238095238,1,0.047619048,3,0.142857143,26,11,9,4,1,25,5,3,0,0,1,5,0,8
1320,com.danvelazco.fbwrapper,4.166666667,12,31,1,0.083333333,6,0.5,0,0,3,0.25,21,8,7,1,0,16,0,2,0,1,0,3,0,7
1321,com.danvelazco.fbwrapper,3.824742268,97,237,7,0.072164948,45,0.463917526,4,0.041237113,19,0.195876289,162,82,56,18,0,125,15,16,1,5,1,16,0,57
1322,com.danvelazco.fbwrapper,3.582879377,1285,2986,157,0.122178988,564,0.438910506,42,0.032684825,232,0.180544747,1991,1177,534,154,6,1781,110,187,26,51,24,188,3,637
1331,net.nurik.roman.dashclock,3.397332063,2099,4131,218,0.10385898,694,0.330633635,96,0.045736065,255,0.121486422,2868,992,817,222,14,2204,54,269,6,7,38,401,11,1198
1333,com.twinone.locker,2.85,20,38,4,0.2,6,0.3,0,0,1,0.05,27,15,4,0,0,19,0,1,0,0,2,2,0,12
1334,org.scoutant.blokish,4.416666667,12,21,1,0.083333333,2,0.166666667,0,0,2,0.166666667,16,8,5,6,0,12,2,0,0,0,0,2,0,3
1335,org.scoutant.blokish,4.214285714,14,31,0,0,3,0.214285714,1,0.071428571,1,0.071428571,26,10,2,0,0,11,0,4,0,0,0,0,0,13
1336,org.scoutant.blokish,4.3,50,84,9,0.18,5,0.1,1,0.02,12,0.24,57,26,10,18,1,36,4,7,0,0,0,3,0,25
1337,org.wahtod.wififixer,3.76203966,353,724,12,0.033994334,90,0.254957507,5,0.014164306,46,0.130311615,571,187,28,15,1,350,11,31,134,0,9,66,2,236
1338,org.wahtod.wififixer,3.693548387,248,441,7,0.028225806,56,0.225806452,7,0.028225806,37,0.149193548,334,109,20,14,1,212,6,20,89,0,10,43,0,151
1339,org.wahtod.wififixer,3.335504886,307,579,7,0.022801303,88,0.286644951,10,0.03257329,35,0.114006515,439,164,20,16,5,304,8,21,106,0,14,48,0,167
1340,org.androidsoft.app.permission,3.95,120,241,21,0.175,9,0.075,1,0.008333333,20,0.166666667,190,120,34,19,1,96,5,13,0,5,5,16,0,82
1344,com.ruesga.android.wallpapers.photophase,3.4,30,68,5,0.166666667,4,0.133333333,3,0.1,1,0.033333333,55,26,16,2,2,31,2,3,1,0,2,4,0,22
1346,com.ruesga.android.wallpapers.photophase,4.555555556,18,40,0,0,5,0.277777778,0,0,3,0.166666667,32,8,11,1,0,18,2,2,0,0,1,1,0,14
1351,ro.weednet.contactssync,4.116959064,342,633,19,0.055555556,43,0.125730994,7,0.020467836,26,0.076023392,538,196,83,25,6,285,10,31,4,12,6,38,80,209
1352,ro.weednet.contactssync,3.441136671,739,1458,44,0.059539919,166,0.224627876,34,0.046008119,106,0.143437077,1108,467,162,50,5,718,21,97,1,26,15,63,169,438
1354,me.sheimi.sgit,4.375,16,45,5,0.3125,7,0.4375,1,0.0625,8,0.5,24,20,3,2,0,28,0,2,1,1,0,3,1,8
1355,me.sheimi.sgit,3.769230769,13,33,1,0.076923077,6,0.461538462,1,0.076923077,2,0.153846154,23,5,3,0,0,21,0,5,0,0,0,2,0,11
1357,com.asksven.betterbatterystats,4.698412698,63,111,3,0.047619048,8,0.126984127,2,0.031746032,9,0.142857143,89,42,11,13,1,49,3,2,0,0,0,6,0,33
1358,com.asksven.betterbatterystats,4.771929825,57,95,3,0.052631579,5,0.087719298,0,0,9,0.157894737,78,42,7,13,0,46,3,1,0,0,0,6,1,26
1359,com.asksven.betterbatterystats,4.206862745,1020,2038,112,0.109803922,157,0.153921569,38,0.037254902,196,0.192156863,1535,721,229,146,31,1025,68,110,5,0,9,216,6,555
1361,net.minetest.minetest,3.346938776,98,181,10,0.102040816,25,0.255102041,5,0.051020408,18,0.183673469,123,22,29,12,2,84,4,6,1,1,6,8,0,68
1362,net.minetest.minetest,3.242857143,70,125,3,0.042857143,27,0.385714286,2,0.028571429,12,0.171428571,81,35,11,7,4,65,2,10,0,0,3,7,0,37
1363,net.minetest.minetest,3.398058252,103,186,6,0.058252427,35,0.339805825,3,0.029126214,11,0.106796117,131,30,14,4,6,86,7,13,0,0,6,10,1,67
1364,com.seb.SLWP,3.93019943,702,1045,11,0.015669516,48,0.068376068,7,0.00997151,49,0.06980057,930,227,108,23,11,272,14,27,2,0,26,36,0,565
1365,com.seb.SLWP,4.04494382,445,660,12,0.026966292,30,0.06741573,8,0.017977528,28,0.062921348,582,166,73,27,11,197,13,23,2,0,11,40,0,305
1366,org.ligi.fast,4.421052632,19,41,4,0.210526316,2,0.105263158,0,0,2,0.105263158,33,15,8,0,0,24,1,0,1,0,0,4,0,12
1367,naman14.timber,4.074074074,54,123,10,0.185185185,15,0.277777778,0,0,15,0.277777778,83,27,18,9,3,70,2,5,0,0,0,5,0,38
1369,naman14.timber,4.038461538,104,235,21,0.201923077,25,0.240384615,3,0.028846154,20,0.192307692,166,63,46,18,0,121,11,6,1,0,2,1,0,79
1371,im.vector.alpha,4.181818182,88,184,13,0.147727273,9,0.102272727,1,0.011363636,11,0.125,150,55,18,8,1,106,3,8,0,0,1,12,1,44
1372,de.onyxbits.listmyapps,4.423076923,52,99,7,0.134615385,4,0.076923077,1,0.019230769,6,0.115384615,81,33,24,4,0,31,3,1,0,0,1,8,0,43
1375,douzifly.list,4.073170732,41,115,13,0.317073171,6,0.146341463,3,0.073170732,8,0.195121951,85,24,23,2,0,57,3,3,0,1,1,1,0,35
1387,com.color.colornamer,4.52173913,23,37,1,0.043478261,0,0,0,0,4,0.173913043,32,11,5,2,0,12,0,0,0,0,0,3,0,12
1388,uk.ac.ed.inf.mandelbrotmaps,4.433333333,30,72,6,0.2,6,0.2,1,0.033333333,1,0.033333333,58,17,18,6,0,45,4,3,0,0,0,2,0,21
1393,fr.simon.marquis.preferencesmanager,3.941176471,17,43,1,0.058823529,5,0.294117647,1,0.058823529,2,0.117647059,34,12,2,3,1,24,1,0,0,0,0,3,0,14
1395,fr.simon.marquis.preferencesmanager,3.8125,16,24,1,0.0625,1,0.0625,2,0.125,0,0,20,4,1,0,0,4,0,2,0,0,0,0,0,15
1400,org.mariotaku.twidere.extension.twitlonger,2.043478261,23,47,0,0,15,0.652173913,3,0.130434783,0,0,29,3,5,0,0,24,2,3,1,0,1,4,0,14
1401,com.innodroid.mongobrowser,3.625,32,59,4,0.125,6,0.1875,1,0.03125,6,0.1875,42,22,8,0,0,27,3,0,0,0,0,0,0,16
1408,org.torproject.android,3.736484189,2941,5182,126,0.042842571,708,0.240734444,121,0.041142469,231,0.078544713,3996,1206,351,220,42,2429,105,414,36,81,56,300,17,1902
1417,com.lukekorth.screennotifications,4.315789474,19,39,2,0.105263158,1,0.052631579,0,0,2,0.105263158,34,13,7,2,1,23,0,1,0,0,0,4,0,10
1418,com.lukekorth.screennotifications,3.75862069,29,66,7,0.24137931,7,0.24137931,2,0.068965517,4,0.137931034,46,24,19,1,0,42,1,4,0,0,1,5,0,14
1419,com.lukekorth.screennotifications,3.974747475,198,416,17,0.085858586,38,0.191919192,6,0.03030303,31,0.156565657,324,125,79,8,0,219,10,13,0,0,5,58,1,115
1422,com.plusonelabs.calendar,3.694736842,95,248,17,0.178947368,22,0.231578947,5,0.052631579,21,0.221052632,183,40,77,6,2,163,5,26,0,0,4,12,2,52
1423,com.plusonelabs.calendar,4.333333333,15,25,2,0.133333333,4,0.266666667,0,0,0,0,19,5,7,1,0,14,1,0,0,1,0,0,0,9
1424,com.plusonelabs.calendar,3.945330296,439,1087,116,0.264236902,108,0.246013667,24,0.054669704,93,0.211845103,746,203,298,31,15,665,20,67,2,5,8,62,2,294
1425,org.isoron.uhabits,4.757575758,33,85,6,0.181818182,4,0.121212121,0,0,2,0.060606061,73,25,12,7,2,43,1,2,0,0,0,2,1,26
1426,org.isoron.uhabits,4.762886598,97,217,13,0.134020619,7,0.072164948,3,0.030927835,14,0.144329897,180,65,28,9,8,109,7,8,0,2,2,3,0,70
1427,org.isoron.uhabits,4.693979933,598,1534,126,0.210702341,55,0.091973244,18,0.030100334,127,0.212374582,1208,491,252,78,66,788,48,15,1,3,8,22,3,439
1428,com.ichi2.anki,4.326693227,251,562,36,0.143426295,43,0.171314741,13,0.051792829,46,0.183266932,424,186,52,27,10,285,18,24,4,4,4,33,3,160
1429,com.ichi2.anki,4.807692308,52,92,7,0.134615385,5,0.096153846,0,0,5,0.096153846,75,31,13,7,0,44,4,9,0,0,0,3,0,26
1430,com.ichi2.anki,4.385008518,587,1193,92,0.156729131,101,0.172061329,16,0.02725724,73,0.124361158,911,376,95,58,40,552,24,45,12,1,18,56,5,368
1435,com.nolanlawson.logcat,4.5,88,158,12,0.136363636,14,0.159090909,2,0.022727273,10,0.113636364,120,50,22,5,1,84,5,4,1,0,1,20,1,47
1436,com.nolanlawson.logcat,3.884353742,147,256,17,0.115646259,22,0.149659864,10,0.068027211,13,0.088435374,194,60,53,9,0,139,2,8,0,0,2,21,0,78
1437,info.guardianproject.pixelknot,3,31,75,5,0.161290323,13,0.419354839,2,0.064516129,4,0.129032258,51,22,11,6,0,39,2,2,0,0,0,1,1,22
1438,info.guardianproject.pixelknot,3,35,86,3,0.085714286,13,0.371428571,7,0.2,4,0.114285714,59,22,11,7,0,45,0,4,0,0,1,6,0,25
1441,jp.yhonda,4.277777778,54,119,2,0.037037037,13,0.240740741,3,0.055555556,6,0.111111111,95,26,19,8,2,64,3,12,0,0,1,22,0,30
1444,ca.rmen.android.poetassistant,4.65,140,307,11,0.078571429,12,0.085714286,5,0.035714286,21,0.15,258,99,18,6,3,85,5,3,0,0,7,1,2,140
1456,ch.blinkenlights.android.vanilla,4.363636364,11,27,3,0.272727273,2,0.181818182,0,0,3,0.272727273,19,4,5,3,2,19,1,1,0,0,0,1,0,7
1457,ch.blinkenlights.android.vanilla,4.5,16,40,1,0.0625,1,0.0625,1,0.0625,3,0.1875,34,11,10,6,1,24,1,0,0,0,0,2,0,10
1458,ch.blinkenlights.android.vanilla,4.435483871,62,141,11,0.177419355,6,0.096774194,2,0.032258065,13,0.209677419,109,30,17,15,2,70,9,12,0,0,0,9,0,46
1464,org.kiwix.kiwixmobile,3.927272727,55,96,4,0.072727273,10,0.181818182,3,0.054545455,6,0.109090909,73,24,8,4,1,32,1,9,2,0,8,2,1,40
1465,org.kiwix.kiwixmobile,4.324324324,740,1339,45,0.060810811,77,0.104054054,26,0.035135135,100,0.135135135,1091,353,104,60,4,522,32,56,6,1,65,48,8,521
1468,com.opendoorstudios.ds4droid,3,2362,4007,145,0.061388654,841,0.356054191,121,0.051227773,245,0.103725656,2655,942,412,120,97,2067,143,116,5,0,106,166,1,1349
1473,net.somethingdreadful.MAL,4.444444444,18,39,8,0.444444444,5,0.277777778,0,0,5,0.277777778,21,15,10,2,0,27,4,4,0,1,0,4,0,4
1474,net.somethingdreadful.MAL,3.451048951,286,692,45,0.157342657,124,0.433566434,18,0.062937063,57,0.199300699,448,232,142,48,2,388,23,51,4,17,7,18,2,188
1481,com.grarak.kerneladiutor,4.63,100,181,10,0.1,2,0.02,3,0.03,9,0.09,157,63,16,5,1,71,0,4,1,0,1,11,0,64
1482,com.grarak.kerneladiutor,4.617647059,238,425,14,0.058823529,19,0.079831933,9,0.037815126,29,0.121848739,354,124,21,12,6,159,10,10,3,7,0,27,0,173
1483,com.grarak.kerneladiutor,4.442943642,2147,4000,89,0.04145319,261,0.121564974,56,0.026082906,300,0.139729856,3294,1190,271,120,36,1828,84,240,20,35,21,306,1,1371
1487,com.mantz,4.3125,80,215,12,0.15,16,0.2,5,0.0625,20,0.25,162,62,26,13,3,135,8,10,0,0,2,17,0,49
1491,com.github.premnirmal.tickerwidget,4.439252336,107,195,16,0.14953271,17,0.158878505,2,0.018691589,11,0.102803738,149,60,39,12,0,110,6,19,0,1,1,3,2,40
1492,com.ubergeek42.WeechatAndroid,4.285714286,35,58,2,0.057142857,4,0.114285714,0,0,5,0.142857143,47,13,9,2,1,29,2,5,0,0,0,6,0,19
1494,com.ubergeek42.WeechatAndroid,3.307692308,13,29,1,0.076923077,5,0.384615385,0,0,1,0.076923077,22,10,0,4,0,17,0,3,0,0,0,1,0,10
1495,org.smc.inputmethod.indic,4.5,16,29,1,0.0625,3,0.1875,0,0,3,0.1875,22,10,6,0,0,11,0,4,0,0,0,1,1,13
1496,org.smc.inputmethod.indic,4.033426184,359,573,22,0.061281337,33,0.091922006,9,0.025069638,34,0.094707521,475,131,42,7,2,216,6,25,0,0,3,15,6,264
1497,org.smc.inputmethod.indic,3.96013289,301,489,23,0.07641196,34,0.112956811,7,0.023255814,33,0.109634551,392,107,36,13,1,193,15,16,0,0,5,15,2,210
1505,com.notriddle.budget,3.964285714,28,102,15,0.535714286,6,0.214285714,1,0.035714286,7,0.25,73,37,14,1,4,61,4,3,0,2,0,1,0,28
1506,com.nightshadelabs.anotherbrowser,3.783333333,60,118,7,0.116666667,20,0.333333333,3,0.05,7,0.116666667,81,33,11,5,0,67,2,7,0,0,1,9,0,34
1516,org.yaaic,3.766666667,30,79,6,0.2,13,0.433333333,1,0.033333333,2,0.066666667,57,18,13,3,0,46,2,4,0,0,1,5,0,17
1517,org.yaaic,3.017857143,56,111,13,0.232142857,22,0.392857143,1,0.017857143,9,0.160714286,66,28,21,7,0,64,2,4,0,0,1,4,0,28
1526,de.j4velin.wifiAutoOff,3.782894737,152,279,6,0.039473684,19,0.125,1,0.006578947,20,0.131578947,233,70,16,9,3,130,1,9,56,2,1,22,0,97
1527,de.j4velin.wifiAutoOff,3.803921569,102,146,3,0.029411765,5,0.049019608,2,0.019607843,4,0.039215686,132,30,8,4,1,44,2,6,18,0,0,4,0,72
1528,net.sourceforge.subsonic.androidapp,3.846153846,91,260,17,0.186813187,23,0.252747253,5,0.054945055,23,0.252747253,192,75,24,27,6,138,6,27,12,0,5,17,0,61
1529,net.sourceforge.subsonic.androidapp,2.55,20,73,5,0.25,7,0.35,3,0.15,10,0.5,48,30,11,8,1,39,3,10,2,0,1,13,0,12
1530,net.sourceforge.subsonic.androidapp,3.379310345,174,524,32,0.183908046,53,0.304597701,9,0.051724138,61,0.350574713,369,150,51,43,19,319,14,27,12,3,5,37,2,118
1533,org.addhen.smssync,3.722222222,18,57,0,0,10,0.555555556,3,0.166666667,7,0.388888889,37,17,9,1,1,35,1,1,0,0,0,0,1,13
1539,net.codechunk.speedofsound,4.125,16,47,2,0.125,6,0.375,1,0.0625,6,0.375,32,15,4,3,1,27,0,6,0,1,0,7,0,6
1543,com.google.zxing.client.android,3.694076383,2566,3716,114,0.044427124,328,0.127825409,69,0.026890101,168,0.065471551,3037,1010,229,142,39,1478,47,88,8,8,42,175,47,1514
1544,aws.apps.usbDeviceEnumerator,4.08,25,37,1,0.04,4,0.16,0,0,4,0.16,28,7,2,4,0,13,0,0,0,0,0,4,0,18
1548,com.hobbyone.HashDroid,4.340659341,91,189,11,0.120879121,16,0.175824176,2,0.021978022,7,0.076923077,153,36,17,3,1,87,5,2,0,0,1,7,0,75
1552,dk.nindroid.rss,4.01,100,190,7,0.07,13,0.13,3,0.03,12,0.12,155,48,26,5,2,68,1,3,0,0,0,8,0,86
1558,com.mobilepearls.sokoban,4.366666667,30,66,1,0.033333333,2,0.066666667,0,0,6,0.2,57,15,10,3,0,19,1,7,1,0,0,3,0,26
1561,com.github.quarck.calnotify,3.894736842,57,136,11,0.192982456,11,0.192982456,1,0.01754386,10,0.175438596,103,38,16,2,0,88,5,3,0,0,0,7,0,31
1568,com.menny.android.anysoftkeyboard,4.183395291,807,1436,73,0.090458488,71,0.087980173,28,0.034696406,85,0.105328377,1179,245,147,33,10,610,26,68,5,0,9,63,5,611
1569,com.menny.android.anysoftkeyboard,4.239130435,46,90,7,0.152173913,2,0.043478261,2,0.043478261,7,0.152173913,72,16,10,2,1,43,1,1,0,0,0,2,0,39
1570,com.menny.android.anysoftkeyboard,4.156862745,153,302,16,0.104575163,27,0.176470588,15,0.098039216,24,0.156862745,220,54,47,6,0,150,7,14,0,1,0,11,7,117
1576,kvj.taskw,4.277777778,18,38,3,0.166666667,0,0,0,0,2,0.111111111,33,8,7,1,2,23,0,3,0,0,0,4,0,7
1579,jp.co.kayo.android.localplayer,3.383561644,73,167,12,0.164383562,27,0.369863014,3,0.04109589,11,0.150684932,114,43,28,17,0,99,3,14,1,0,3,10,0,43
1580,org.zamedev.gloomydungeons2.opensource,1.352941176,17,31,1,0.058823529,2,0.117647059,0,0,5,0.294117647,23,1,7,2,1,14,1,0,0,0,1,1,0,14
1585,com.moonpi.swiftnotes,3.166666667,12,27,2,0.166666667,2,0.166666667,1,0.083333333,0,0,22,4,4,6,0,13,1,2,0,0,0,0,0,9
1595,org.jfedor.frozenbubble,4.575,40,82,1,0.025,2,0.05,0,0,8,0.2,71,23,8,2,3,26,3,6,0,0,0,6,0,29
1599,tv.piratemedia.lightcontroler,3.472727273,55,137,14,0.254545455,16,0.290909091,1,0.018181818,18,0.327272727,88,55,18,3,1,88,5,7,4,0,1,5,0,29
1605,wb.receiptspro,4.826086957,92,249,13,0.141304348,4,0.043478261,3,0.032608696,35,0.380434783,194,99,33,8,5,124,7,18,0,0,1,12,2,60
1606,wb.receiptspro,4.678571429,168,507,32,0.19047619,19,0.113095238,8,0.047619048,53,0.31547619,395,178,89,22,7,289,5,26,1,5,1,10,6,112
1609,com.google.android.diskusage,4.708066581,2343,4514,160,0.068288519,180,0.076824584,61,0.026034998,283,0.120785318,3830,1446,654,178,121,2166,57,65,177,2,53,360,5,1369
1613,com.brentpanther.bitcoinwidget,4.461538462,39,75,4,0.102564103,3,0.076923077,0,0,3,0.076923077,65,5,12,1,1,37,2,4,0,0,0,2,0,33
1616,at.tomtasche.reader,3.992320819,1172,2053,86,0.07337884,179,0.152730375,18,0.015358362,112,0.09556314,1658,548,187,53,26,1182,38,42,6,2,26,105,5,596
1620,com.simplemobiletools.camera,3.861111111,72,184,10,0.138888889,19,0.263888889,1,0.013888889,14,0.194444444,140,52,40,10,1,88,4,9,1,0,0,9,0,52
1621,a2dp.Vol,3.538461538,26,81,3,0.115384615,10,0.384615385,2,0.076923077,11,0.423076923,55,23,3,0,1,43,0,11,1,0,0,18,0,25
1623,a2dp.Vol,4.307692308,13,25,1,0.076923077,2,0.153846154,0,0,1,0.076923077,21,6,0,1,0,16,0,2,0,0,0,0,1,6
1627,org.cprados.wificellmanager,4.14,300,690,27,0.09,47,0.156666667,7,0.023333333,52,0.173333333,557,178,47,33,6,368,12,11,118,0,0,72,0,180
1628,org.cprados.wificellmanager,3.310734463,177,420,16,0.09039548,43,0.242937853,8,0.04519774,31,0.175141243,322,123,26,22,1,243,3,31,70,1,1,49,0,104
1640,jp.sblo.pandora.aGrep,4.2,30,72,9,0.3,5,0.166666667,2,0.066666667,7,0.233333333,49,22,8,2,0,52,1,3,0,0,0,8,2,13
1644,com.simplemobiletools.applauncher,4.183397683,1036,2258,123,0.118725869,190,0.183397683,18,0.017374517,189,0.182432432,1738,684,527,60,36,1141,54,143,17,8,12,71,12,641
1648,com.dozingcatsoftware.asciicam,4.103448276,87,152,19,0.218390805,17,0.195402299,4,0.045977011,8,0.091954023,104,45,36,9,0,74,2,1,0,0,1,3,0,39
1649,com.unleashyouradventure.swaccess,4.159090909,44,86,4,0.090909091,10,0.227272727,0,0,6,0.136363636,66,35,11,4,1,36,3,3,0,1,4,2,0,26
1650,com.unleashyouradventure.swaccess,4,81,129,5,0.061728395,12,0.148148148,2,0.024691358,4,0.049382716,106,46,8,9,8,67,6,1,0,0,14,2,0,29
1651,de.onyxbits.textfiction,4.175510204,245,625,34,0.13877551,48,0.195918367,19,0.07755102,41,0.167346939,483,169,78,30,6,321,9,12,0,0,31,32,0,182
1657,org.evilsoft.pathfinder.reference,4.716381418,409,816,97,0.237163814,30,0.073349633,14,0.034229829,63,0.15403423,612,287,112,86,22,423,22,67,1,0,9,17,1,202
1660,com.jmstudios.redmoon,4.142857143,21,70,0,0,11,0.523809524,0,0,16,0.761904762,43,23,9,1,1,41,2,5,0,0,0,4,0,17
1663,com.gh4a,5,11,16,0,0,1,0.090909091,0,0,0,0,15,7,1,1,0,1,1,1,0,0,0,1,0,7
1664,com.gh4a,3.805031447,159,330,31,0.194968553,27,0.169811321,8,0.050314465,25,0.157232704,239,80,51,8,1,176,9,5,2,10,4,8,0,111
1666,com.koushikdutta.superuser,4.34375,32,58,2,0.0625,4,0.125,1,0.03125,2,0.0625,49,12,1,0,0,18,2,4,0,0,0,3,0,32
1667,com.koushikdutta.superuser,4.018181818,55,98,2,0.036363636,16,0.290909091,3,0.054545455,11,0.2,66,34,2,0,1,32,1,14,0,0,0,6,0,39
1668,com.koushikdutta.superuser,3.5400982,1833,2781,55,0.030005456,397,0.216584834,65,0.035460993,147,0.080196399,2117,645,86,46,8,1061,37,355,7,1,41,220,5,1170
1669,ca.mimic.apphangar,4.214285714,42,106,9,0.214285714,8,0.19047619,6,0.142857143,5,0.119047619,78,41,14,1,0,52,0,4,1,0,1,3,0,35
1670,ca.mimic.apphangar,3.8375,80,185,5,0.0625,28,0.35,2,0.025,12,0.15,138,79,26,2,2,102,2,14,1,0,3,11,1,49
1671,ca.mimic.apphangar,3.825242718,103,254,10,0.097087379,33,0.32038835,6,0.058252427,23,0.223300971,182,114,53,11,1,157,1,20,1,0,0,19,2,57
1678,org.androidsoft.games.memory.kids,4.833333333,12,20,0,0,1,0.083333333,0,0,2,0.166666667,17,5,1,0,1,5,0,0,4,0,0,1,0,9
1683,simple.reboot.com,4.188449848,329,654,27,0.082066869,39,0.118541033,9,0.027355623,25,0.075987842,554,156,74,14,2,259,12,85,0,1,4,49,1,263
1687,eu.siacs.conversations,4.188405797,69,152,10,0.144927536,19,0.275362319,1,0.014492754,14,0.202898551,108,34,21,5,2,83,3,11,0,2,0,9,7,46
1690,com.phpsysinfo,3.692307692,13,16,0,0,1,0.076923077,1,0.076923077,0,0,14,8,1,0,0,8,0,0,0,0,0,0,0,5
1691,com.Pau.ImapNotes2,2.761904762,21,67,7,0.333333333,7,0.333333333,0,0,4,0.19047619,49,14,5,14,1,36,1,1,0,3,1,3,0,20
1710,org.montrealtransit.android,4.71875,32,56,1,0.03125,4,0.125,0,0,2,0.0625,49,24,1,2,0,25,5,0,0,0,0,0,0,16
1725,trikita.obsqr,4.590909091,22,53,0,0,0,0,1,0.045454545,3,0.136363636,49,10,5,4,0,24,1,0,0,1,0,2,0,24
1726,trikita.obsqr,4.222222222,18,46,2,0.111111111,0,0,0,0,3,0.166666667,41,10,9,2,1,17,0,1,0,1,0,2,0,20
1728,et.nWifiManager,3.653846154,26,76,5,0.192307692,6,0.230769231,3,0.115384615,8,0.307692308,54,16,7,3,0,42,1,0,11,0,0,7,0,28
1732,com.darshancomputing.BatteryIndicatorPro,3.823529412,34,117,3,0.088235294,9,0.264705882,0,0,9,0.264705882,96,26,13,1,2,56,2,15,1,0,1,8,0,47
1739,com.zegoggles.smssync,3.522357724,492,1167,52,0.105691057,120,0.243902439,34,0.069105691,83,0.168699187,878,331,68,39,3,647,10,43,5,15,5,90,13,346
1740,com.zegoggles.smssync,4.671875,64,156,4,0.0625,6,0.09375,2,0.03125,12,0.1875,132,75,9,4,1,68,1,2,0,2,1,22,1,38
1741,com.zegoggles.smssync,3.708087841,1867,4376,178,0.095340118,476,0.254954472,81,0.04338511,304,0.162828066,3337,1323,253,146,23,2459,26,155,20,55,28,377,45,1218
1743,net.cyclestreets,2.898305085,118,343,19,0.161016949,50,0.423728814,4,0.033898305,34,0.288135593,236,99,51,25,3,202,12,17,0,1,4,14,1,90
1744,com.matejdro.pebbledialer,3.461538462,26,60,2,0.076923077,12,0.461538462,0,0,5,0.192307692,41,19,8,2,0,33,1,3,0,0,0,6,3,14
1745,com.matejdro.pebbledialer,3.583333333,24,67,3,0.125,6,0.25,2,0.083333333,5,0.208333333,51,18,11,1,1,42,6,7,0,0,0,4,3,17
1746,com.matejdro.pebbledialer,2.882352941,17,45,3,0.176470588,7,0.411764706,1,0.058823529,8,0.470588235,26,12,6,0,1,24,4,4,0,0,0,6,5,9
1757,net.ralphbroenink.muzei.unsplash,2.545454545,11,26,0,0,3,0.272727273,1,0.090909091,1,0.090909091,21,3,4,0,0,15,0,2,0,0,1,0,0,7
1761,com.numix.icons,3.25,148,300,11,0.074324324,26,0.175675676,5,0.033783784,29,0.195945946,229,68,141,2,2,140,7,39,0,0,2,6,0,76
1762,com.numix.icons,4.023622047,127,240,25,0.196850394,6,0.047244094,12,0.094488189,20,0.157480315,177,47,98,4,4,101,7,5,0,0,3,11,1,83
1763,com.numix.icons,3.849206349,378,627,51,0.134920635,25,0.066137566,15,0.03968254,49,0.12962963,487,141,244,12,13,266,3,34,1,0,8,51,5,222
1768,com.google.android.stardroid,3.887102412,2861,5440,161,0.05627403,458,0.160083887,78,0.027263195,342,0.119538623,4401,2007,753,319,25,2375,89,258,6,2,41,413,6,1717
1774,com.umang.dashnotifier,3.809734513,226,478,35,0.154867257,72,0.318584071,10,0.044247788,34,0.150442478,327,136,89,23,3,302,17,20,0,3,5,32,0,113
1775,com.better.alarm,4.108108108,37,87,5,0.135135135,5,0.135135135,0,0,2,0.054054054,75,21,10,2,2,42,2,4,0,0,0,1,0,32
1776,com.better.alarm,4,12,32,1,0.083333333,2,0.166666667,0,0,0,0,29,7,5,2,1,15,0,1,0,0,1,1,0,9
1777,com.better.alarm,4.145604396,364,782,37,0.101648352,41,0.112637363,9,0.024725275,65,0.178571429,630,224,68,25,15,391,10,14,0,3,4,21,0,265
1780,com.dozuki.ifixit,3.9,10,17,0,0,0,0,0,0,1,0.1,16,6,3,2,0,9,1,0,0,0,0,2,0,4
1781,com.dozuki.ifixit,4.222222222,27,45,2,0.074074074,3,0.111111111,0,0,2,0.074074074,38,6,4,4,0,13,0,1,0,0,1,1,0,23
1782,com.dozuki.ifixit,4.227188082,537,814,26,0.048417132,77,0.143389199,12,0.022346369,48,0.089385475,651,262,74,65,5,317,10,12,0,4,17,57,3,303
1783,com.termux,4.545454545,11,21,0,0,4,0.363636364,0,0,0,0,17,6,4,0,0,13,0,0,0,0,1,1,0,7
1784,com.termux,4.666666667,21,29,0,0,0,0,1,0.047619048,1,0.047619048,27,5,0,1,0,13,1,0,0,0,0,2,0,11
1785,com.termux.styling,4.607843137,561,1121,58,0.103386809,73,0.130124777,28,0.049910873,65,0.115864528,897,252,77,38,3,521,10,25,0,0,6,140,2,384
1786,com.u17od.upm,4.11627907,215,455,37,0.172093023,30,0.139534884,3,0.013953488,32,0.148837209,353,152,45,20,5,243,5,27,2,9,12,57,2,126
1787,com.u17od.upm,3.822222222,45,118,7,0.155555556,10,0.222222222,2,0.044444444,11,0.244444444,88,42,4,7,2,72,0,6,0,1,2,24,0,24
1793,com.iskrembilen.quasseldroid,3.6875,16,37,5,0.3125,3,0.1875,0,0,2,0.125,27,13,6,2,0,20,3,3,1,0,0,3,0,8
1794,com.iskrembilen.quasseldroid,3.695652174,23,52,4,0.173913043,4,0.173913043,0,0,6,0.260869565,38,9,12,1,0,32,2,9,1,0,0,8,0,9
1796,de.ph1b.audiobook,4.35,100,240,15,0.15,26,0.26,1,0.01,20,0.2,178,70,39,3,7,138,3,9,2,0,2,7,0,61
1797,de.ph1b.audiobook,3.923076923,351,862,52,0.148148148,83,0.236467236,18,0.051282051,77,0.219373219,632,278,106,25,22,480,14,73,0,0,5,26,1,225
1798,vnd.blueararat.kaleidoscope6,3.733333333,15,42,0,0,5,0.333333333,0,0,0,0,37,18,5,2,0,16,0,1,0,0,0,0,0,10
1806,com.elsdoerfer.android.autostarts,2.714285714,77,173,5,0.064935065,43,0.558441558,3,0.038961039,7,0.090909091,115,59,20,7,1,111,2,18,0,0,2,30,0,27
1810,at.bitfire.davdroid,4.65,40,84,1,0.025,7,0.175,1,0.025,10,0.25,65,18,6,2,2,57,0,4,0,1,0,5,13,12
1815,me.phh.superuser,4.234042553,94,175,6,0.063829787,16,0.170212766,4,0.042553191,10,0.106382979,139,32,23,7,4,102,6,22,0,0,0,11,1,55
1817,de.j4velin.pedometer,3.583333333,12,42,4,0.333333333,3,0.25,0,0,3,0.25,32,13,6,0,0,25,0,4,0,0,0,2,0,12
1818,de.j4velin.pedometer,3.666666667,24,62,6,0.25,6,0.25,0,0,7,0.291666667,43,20,9,0,0,35,1,7,0,1,0,3,1,17
1819,com.daviancorp.android.mh4udatabase,4.508196721,488,1058,152,0.31147541,102,0.209016393,13,0.026639344,65,0.133196721,726,326,153,142,7,568,22,33,4,0,8,19,0,298
1826,com.amaze.filemanager,3.529411765,34,79,14,0.411764706,13,0.382352941,3,0.088235294,7,0.205882353,42,21,17,0,0,52,3,11,0,0,0,4,0,13
1827,com.amaze.filemanager,4.266666667,60,155,12,0.2,6,0.1,1,0.016666667,5,0.083333333,131,32,21,1,2,83,3,4,0,0,4,4,1,56
1828,com.amaze.filemanager,3.954545455,462,1019,69,0.149350649,103,0.222943723,20,0.043290043,69,0.149350649,758,219,157,39,26,635,26,50,6,6,3,28,4,263
1960,a2dp.Vol,3.7,20,45,3,0.15,5,0.25,2,0.1,5,0.25,30,12,0,1,1,23,1,0,0,0,0,7,0,13
1962,acr.browser.lightning,4.24137931,58,154,4,0.068965517,14,0.24137931,1,0.017241379,14,0.24137931,121,25,20,1,3,84,11,23,1,1,4,16,0,36
1964,aws.apps.usbDeviceEnumerator,4,16,30,2,0.125,3,0.1875,0,0,1,0.0625,24,2,0,3,0,9,4,0,5,0,0,2,0,15
1965,be.uhasselt.privacypolice,4,12,13,1,0.083333333,0,0,0,0,0,0,12,1,1,1,0,5,0,2,0,0,0,0,0,7
1966,ch.corten.aha.worldclock,3.769230769,39,102,5,0.128205128,15,0.384615385,1,0.025641026,5,0.128205128,76,29,11,7,0,68,0,7,3,2,0,1,1,21
1967,com.adam.aslfms,3.06010929,183,399,17,0.092896175,74,0.404371585,15,0.081967213,29,0.158469945,264,124,54,37,0,245,4,24,5,3,2,32,2,87
1968,com.adam.aslfms,4,28,56,1,0.035714286,4,0.142857143,0,0,5,0.178571429,46,17,1,5,1,37,0,2,0,0,0,1,1,12
1969,com.adam.aslfms,3.905263158,285,646,20,0.070175439,81,0.284210526,9,0.031578947,31,0.10877193,505,146,88,12,17,409,10,17,2,1,1,28,0,160
1970,com.amaze.filemanager,3.625,16,36,1,0.0625,5,0.3125,0,0,5,0.3125,25,11,3,0,1,23,2,4,0,0,0,0,0,9
1971,com.amaze.filemanager,4.114942529,174,333,13,0.074712644,26,0.149425287,7,0.040229885,18,0.103448276,269,103,34,14,4,204,2,22,1,2,1,32,1,71
1972,com.android.keepass,2.75,12,32,0,0,5,0.416666667,1,0.083333333,4,0.333333333,22,9,4,1,0,16,0,8,0,0,0,3,0,8
1973,com.angrydoughnuts.android.alarmclock,4.117647059,17,40,2,0.117647059,3,0.176470588,1,0.058823529,3,0.176470588,31,14,2,0,0,24,0,1,0,0,0,1,1,13
1975,com.app.missednotificationsreminder,4.347826087,46,98,11,0.239130435,2,0.043478261,0,0,6,0.130434783,79,23,15,5,1,53,3,4,0,0,0,1,0,28
1976,com.bleyl.recurrence,4.9,10,15,1,0.1,0,0,1,0.1,1,0.1,12,10,1,0,2,5,0,0,0,0,0,0,0,4
1978,com.dozingcatsoftware.cameratimer,4.375,24,49,0,0,4,0.166666667,0,0,3,0.125,42,5,8,3,0,25,2,0,1,4,0,1,0,16
1979,com.duckduckgo.mobile.android,4.139344262,488,932,47,0.096311475,60,0.12295082,14,0.028688525,51,0.104508197,760,238,117,34,4,480,24,35,4,32,12,40,3,290
1981,com.easwareapps.g2l,4.611842105,152,322,30,0.197368421,16,0.105263158,5,0.032894737,28,0.184210526,243,129,40,20,5,172,5,18,0,1,3,11,0,74
1982,com.gelakinetic.mtgfam,4.75,20,52,4,0.2,7,0.35,0,0,6,0.3,35,27,9,1,0,31,1,1,0,0,0,0,0,9
1983,com.gelakinetic.mtgfam,4.548717949,195,352,45,0.230769231,8,0.041025641,6,0.030769231,27,0.138461538,266,103,41,50,2,170,8,17,0,0,2,5,1,109
1992,com.matejdro.pebbledialer,4.4,10,17,0,0,2,0.2,0,0,1,0.1,14,6,2,0,0,10,0,1,0,0,0,4,0,4
1994,com.mobilepearls.sokoban,3.405797101,69,174,11,0.15942029,23,0.333333333,5,0.072463768,11,0.15942029,124,43,33,4,3,123,4,17,3,2,3,21,3,29
1995,com.nextcloud.client,2.3,10,22,1,0.1,6,0.6,0,0,2,0.2,13,6,0,1,1,11,1,3,0,0,0,0,0,9
1996,com.oakley.fon,2.359223301,103,239,15,0.145631068,51,0.495145631,6,0.058252427,15,0.145631068,152,74,36,9,4,166,4,16,1,5,7,22,2,45
1998,com.palliser.nztides,4.882352941,17,28,2,0.117647059,1,0.058823529,0,0,0,0,25,8,4,2,0,14,0,0,0,0,0,0,0,8
2002,com.pindroid,4.552941176,170,445,28,0.164705882,22,0.129411765,3,0.017647059,51,0.3,341,78,47,18,2,186,18,41,1,0,3,8,0,173
2009,com.xargsgrep.portknocker,4.333333333,21,31,6,0.285714286,0,0,0,0,0,0,25,12,5,0,0,14,1,0,0,1,0,0,0,10
2011,damo.three.ie,4.066037736,212,355,14,0.066037736,32,0.150943396,14,0.066037736,24,0.113207547,271,104,33,7,7,192,16,8,5,5,1,26,0,109
2012,de.blinkt.openvpn,4.620512821,585,1154,53,0.090598291,53,0.090598291,8,0.013675214,85,0.145299145,955,366,135,36,64,638,27,31,4,3,47,57,4,272
2013,de.danoeh.antennapod,3.891891892,74,109,2,0.027027027,20,0.27027027,5,0.067567568,6,0.081081081,76,43,1,1,0,55,1,1,0,0,3,9,0,35
2015,de.j4velin.wifiAutoOff,3.972222222,108,172,11,0.101851852,10,0.092592593,3,0.027777778,9,0.083333333,139,29,8,6,1,75,4,4,28,1,0,12,0,77
2019,dev.ukanth.ufirewall,3.896103896,77,154,10,0.12987013,20,0.25974026,3,0.038961039,8,0.103896104,113,52,6,4,2,73,3,12,4,0,2,17,1,48
2025,info.guardianproject.pixelknot,4.472222222,36,68,2,0.055555556,2,0.055555556,1,0.027777778,4,0.111111111,59,23,5,1,0,30,0,1,0,1,0,0,0,22
2026,me.tsukanov.counter,3.815789474,38,67,4,0.105263158,4,0.105263158,1,0.026315789,4,0.105263158,54,22,6,3,0,28,4,3,0,0,1,5,0,26
2029,net.kervala.comicsreader,4.232266436,2312,4077,170,0.073529412,317,0.137110727,60,0.025951557,324,0.140138408,3206,1363,553,112,112,1713,152,98,12,2,25,240,5,1335
2030,net.sourceforge.opencamera,3.512195122,41,101,10,0.243902439,11,0.268292683,2,0.048780488,12,0.292682927,66,28,21,1,1,60,1,21,0,1,0,5,1,20
2032,org.ametro,4.626609442,932,1975,147,0.157725322,63,0.067596567,17,0.018240343,157,0.168454936,1591,612,294,79,66,967,35,23,3,9,11,44,2,600
2033,org.isoron.uhabits,3.384615385,13,17,1,0.076923077,2,0.153846154,0,0,1,0.076923077,13,3,3,0,0,11,0,0,0,0,0,3,0,4
2034,org.jsl.wfwt,3.265306122,49,72,2,0.040816327,11,0.224489796,0,0,3,0.06122449,56,14,2,0,0,29,2,8,1,0,1,10,0,26
2035,org.kde.necessitas.ministro,4.625,24,39,0,0,2,0.083333333,1,0.041666667,4,0.166666667,32,17,5,1,0,21,0,1,0,0,1,3,0,12
2036,org.ligi.fast,4.6,260,541,26,0.1,14,0.053846154,11,0.042307692,31,0.119230769,459,114,40,23,7,177,16,6,1,0,5,10,2,258
2038,org.primftpd,4.233333333,30,64,4,0.133333333,6,0.2,0,0,1,0.033333333,53,16,12,2,2,37,5,2,4,0,0,6,1,15
2040,org.quantumbadger.redreader,4.529411765,51,105,11,0.215686275,9,0.176470588,2,0.039215686,9,0.176470588,74,44,19,3,1,61,2,1,3,0,3,5,0,17
2041,org.quantumbadger.redreader,3.25,12,29,0,0,4,0.333333333,0,0,1,0.083333333,24,8,1,1,0,14,0,2,0,0,2,7,0,7
2044,org.tamanegi.atmosphere,4,20,58,3,0.15,4,0.2,0,0,8,0.4,43,13,9,7,1,23,4,3,0,0,0,2,0,20
2045,org.tasks,4.144329897,97,279,23,0.237113402,18,0.18556701,5,0.051546392,27,0.278350515,206,77,52,18,7,152,4,13,0,2,1,15,2,69
2046,org.tasks,4.38884993,22816,32161,1168,0.051192146,1234,0.054084853,296,0.012973352,1570,0.06881136,27893,8532,1769,806,146,9869,1118,915,69,283,431,732,353,15078
2047,org.telegram.messenger,4.756302521,119,141,2,0.016806723,5,0.042016807,1,0.008403361,7,0.058823529,126,36,1,1,3,41,6,1,0,0,0,3,0,71